Age,Attrition,BusinessTravel,DailyRate,Department,DistanceFromHome,Education,EducationField,EmployeeCount,EmployeeNumber,EnvironmentSatisfaction,Gender,HourlyRate,JobInvolvement,JobLevel,JobRole,JobSatisfaction,MaritalStatus,MonthlyIncome,MonthlyRate,NumCompaniesWorked,Over18,OverTime,PercentSalaryHike,PerformanceRating,RelationshipSatisfaction,StandardHours,StockOptionLevel,TotalWorkingYears,TrainingTimesLastYear,WorkLifeBalance,YearsAtCompany,YearsInCurrentRole,YearsSinceLastPromotion,YearsWithCurrManager
56,No,Travel_Rarely,991,Research & Development,4,2,Human Resources,1,1,3,Male,80,4,2,Research Scientist,1,Single,6299,23188,1,Y,Yes,13,3,2,80,1,11,3,2,3,1,4,0
46,No,Travel_Frequently,371,Research & Development,1,3,Human Resources,1,2,2,Female,71,3,3,Manufacturing Director,3,Divorced,5784,18544,0,Y,No,22,4,4,80,0,11,2,4,3,1,2,1
32,No,Travel_Rarely,646,Research & Development,11,4,Medical,1,3,2,Female,55,1,4,Laboratory Technician,3,Married,2994,20168,2,Y,Yes,13,4,2,80,0,39,4,3,28,28,0,28
60,No,Non-Travel,1108,Research & Development,5,3,Life Sciences,1,4,3,Male,88,2,3,Research Director,4,Married,8005,28520,1,Y,No,24,1,4,80,2,38,1,3,36,35,2,33
25,No,Travel_Rarely,946,Research & Development,19,3,Marketing,1,5,4,Male,98,4,3,Laboratory Technician,3,Single,1705,24982,1,Y,Yes,21,3,4,80,0,21,2,3,19,15,0,13
38,No,Travel_Rarely,1117,Human Resources,19,4,Marketing,1,6,2,Male,32,3,4,Manager,3,Divorced,8424,21566,1,Y,No,16,1,4,80,0,40,3,3,40,37,4,35
56,No,Travel_Rarely,1407,Research & Development,4,3,Life Sciences,1,7,3,Female,70,4,3,Manager,4,Divorced,9437,16880,0,Y,No,21,1,2,80,3,25,3,4,22,20,4,18
36,No,Travel_Rarely,499,Research & Development,2,4,Technical Degree,1,8,3,Male,30,4,4,Research Scientist,3,Married,4324,22008,0,Y,No,18,2,4,80,0,22,3,2,17,16,0,16
40,No,Travel_Rarely,1341,Sales,7,4,Life Sciences,1,9,3,Male,94,3,4,Manager,4,Single,1194,13936,2,Y,Yes,15,3,3,80,2,31,3,3,24,22,1,20
28,No,Travel_Rarely,1446,Sales,28,2,Medical,1,10,4,Female,99,4,2,Sales Executive,3,Married,8504,27342,1,Y,No,24,3,3,80,3,7,2,3,0,0,2,0
28,Yes,Travel_Rarely,915,Sales,13,3,Medical,1,11,3,Male,79,1,3,Manager,2,Single,14544,20411,5,Y,Yes,11,3,3,80,1,27,4,3,14,10,3,10
41,No,Non-Travel,740,Research & Development,20,3,Technical Degree,1,12,4,Female,88,2,3,Research Director,3,Single,13544,14198,0,Y,No,13,3,3,80,2,40,3,1,33,29,1,29
53,Yes,Travel_Rarely,594,Research & Development,21,4,Life Sciences,1,13,2,Female,92,4,4,Manager,1,Divorced,6630,10376,5,Y,Yes,23,3,4,80,3,18,4,2,19,15,1,15
57,No,Travel_Rarely,1052,Research & Development,12,3,Other,1,14,4,Male,54,2,3,Manager,2,Married,10945,3896,1,Y,No,18,2,3,80,3,40,2,3,36,36,13,35
41,No,Non-Travel,229,Research & Development,2,5,Marketing,1,15,2,Female,39,4,5,Research Director,2,Married,12824,13487,1,Y,Yes,14,2,4,80,1,29,3,3,26,25,0,25
20,No,Travel_Frequently,175,Research & Development,22,3,Technical Degree,1,16,1,Male,30,4,3,Manager,3,Divorced,15698,4404,1,Y,Yes,19,3,2,80,1,35,3,4,21,18,13,17
39,No,Travel_Rarely,553,Research & Development,9,3,Human Resources,1,17,2,Female,43,4,3,Manufacturing Director,2,Married,11549,20923,1,Y,No,23,3,3,80,1,1,2,4,4,1,0,0
19,No,Travel_Rarely,539,Sales,16,3,Marketing,1,18,2,Male,50,3,3,Sales Representative,2,Married,3092,19116,2,Y,No,16,2,3,80,2,40,4,3,33,29,1,29
41,No,Travel_Rarely,1381,Research & Development,8,3,Human Resources,1,19,3,Female,87,4,3,Laboratory Technician,2,Married,3441,11813,1,Y,No,20,4,3,80,3,37,0,3,38,35,3,34
47,No,Travel_Rarely,549,Sales,24,3,Life Sciences,1,20,3,Male,67,2,3,Sales Executive,1,Divorced,3728,2577,2,Y,No,14,3,4,80,2,4,3,4,2,0,0,0
55,No,Travel_Rarely,1227,Sales,18,4,Medical,1,21,4,Female,30,3,4,Manager,1,Single,15833,20545,1,Y,No,14,3,4,80,1,24,3,3,16,15,0,13
19,Yes,Travel_Rarely,660,Research & Development,4,3,Life Sciences,1,22,1,Female,34,3,3,Laboratory Technician,2,Divorced,3016,10569,3,Y,No,20,3,3,80,1,20,3,3,23,22,1,22
38,No,Travel_Frequently,1071,Sales,24,2,Life Sciences,1,23,3,Male,73,3,2,Manager,2,Divorced,12122,22232,2,Y,Yes,15,3,4,80,0,30,3,3,23,22,12,20
50,No,Travel_Rarely,1038,Research & Development,11,2,Other,1,24,3,Female,94,1,2,Laboratory Technician,1,Single,3465,19692,1,Y,Yes,23,3,3,80,0,7,1,4,2,0,2,0
29,No,Travel_Rarely,384,Research & Development,17,4,Life Sciences,1,25,3,Male,86,4,4,Manager,2,Married,3379,14384,4,Y,No,17,3,1,80,2,8,3,3,6,6,3,5
39,No,Travel_Rarely,861,Sales,8,4,Medical,1,26,1,Male,74,4,4,Manager,4,Divorced,9078,2841,4,Y,No,24,3,3,80,0,37,2,1,24,22,5,20
42,No,Travel_Rarely,1329,Research & Development,19,3,Medical,1,27,1,Male,89,4,3,Manager,3,Married,13633,20555,8,Y,No,22,4,3,80,0,6,2,2,2,1,5,1
44,No,Travel_Rarely,187,Human Resources,8,4,Medical,1,28,3,Male,95,2,4,Human Resources,3,Divorced,5419,26731,0,Y,No,17,3,4,80,2,26,2,4,14,13,5,11
59,No,Travel_Rarely,1449,Research & Development,6,3,Medical,1,29,4,Male,76,3,3,Research Director,4,Divorced,11385,8253,4,Y,No,23,3,1,80,0,40,2,2,28,27,2,25
45,No,Travel_Rarely,265,Research & Development,23,4,Technical Degree,1,30,4,Female,55,4,4,Laboratory Technician,1,Married,4323,14340,5,Y,No,20,3,3,80,3,29,3,3,28,25,0,24
33,No,Non-Travel,978,Research & Development,2,3,Life Sciences,1,31,1,Male,38,4,3,Manager,3,Married,9036,28278,2,Y,No,17,3,1,80,0,19,4,2,9,9,1,8
32,No,Travel_Rarely,1182,Research & Development,15,2,Life Sciences,1,32,2,Female,80,4,2,Laboratory Technician,4,Divorced,2959,12827,2,Y,Yes,15,3,2,80,3,31,2,3,31,29,1,28
20,No,Travel_Rarely,307,Research & Development,1,5,Marketing,1,33,2,Male,37,4,5,Manufacturing Director,3,Married,7661,21769,7,Y,No,22,3,3,80,1,32,2,3,22,21,0,20
54,No,Non-Travel,249,Research & Development,6,3,Technical Degree,1,34,3,Female,34,3,3,Research Scientist,4,Single,5544,6821,7,Y,No,23,3,2,80,0,40,2,1,38,34,0,32
24,No,Non-Travel,1426,Sales,28,4,Medical,1,35,3,Female,68,3,4,Sales Executive,4,Single,6508,24197,2,Y,No,19,1,4,80,2,3,3,2,8,8,10,6
38,No,Travel_Rarely,892,Sales,19,3,Other,1,36,2,Male,97,3,3,Sales Representative,2,Married,1397,19797,1,Y,No,12,2,3,80,3,40,2,4,36,32,9,32
26,No,Non-Travel,1415,Research & Development,4,4,Medical,1,37,3,Female,69,3,4,Manager,4,Divorced,11286,2044,4,Y,No,18,4,2,80,1,36,2,3,39,39,0,39
56,No,Travel_Rarely,1146,Sales,13,5,Medical,1,38,3,Male,65,4,5,Sales Representative,4,Divorced,3659,20070,0,Y,Yes,20,4,3,80,2,13,3,4,13,12,1,12
35,No,Travel_Rarely,1048,Sales,15,1,Life Sciences,1,39,3,Female,50,3,1,Manager,3,Married,16885,7236,1,Y,Yes,18,3,1,80,3,1,2,2,3,3,0,2
21,No,Travel_Rarely,1262,Sales,9,4,Medical,1,40,2,Male,55,3,4,Manager,4,Single,13010,28745,8,Y,No,13,3,4,80,0,17,2,4,19,19,1,17
42,No,Travel_Rarely,1494,Research & Development,3,4,Technical Degree,1,41,3,Female,85,3,4,Research Director,1,Single,5542,8625,4,Y,No,15,4,1,80,2,25,1,4,27,26,1,24
31,No,Travel_Rarely,658,Research & Development,2,4,Life Sciences,1,42,3,Male,86,2,4,Manufacturing Director,3,Divorced,7024,29817,6,Y,No,24,2,1,80,0,17,2,1,13,9,10,9
26,No,Travel_Rarely,862,Sales,16,3,Life Sciences,1,43,4,Male,88,3,3,Sales Executive,2,Single,7997,21109,2,Y,No,18,3,3,80,1,36,0,4,33,29,0,29
43,Yes,Non-Travel,131,Research & Development,18,5,Technical Degree,1,44,4,Female,36,3,5,Research Director,2,Single,12598,27999,1,Y,Yes,20,3,4,80,0,14,3,3,12,9,1,7
19,No,Travel_Rarely,326,Sales,18,1,Medical,1,45,2,Male,71,4,1,Manager,3,Single,13825,10009,7,Y,No,23,3,4,80,1,40,1,4,30,26,0,25
37,No,Travel_Rarely,530,Research & Development,6,3,Life Sciences,1,46,2,Male,42,3,3,Research Scientist,2,Married,4160,6014,1,Y,Yes,19,1,2,80,0,40,2,3,32,28,13,28
45,No,Travel_Rarely,630,Research & Development,18,5,Marketing,1,47,3,Male,63,3,5,Laboratory Technician,3,Divorced,4401,7780,3,Y,No,17,3,2,80,0,40,2,3,38,38,9,38
24,No,Non-Travel,1153,Research & Development,11,4,Life Sciences,1,48,3,Male,82,3,4,Manufacturing Director,3,Single,6462,6595,2,Y,No,14,3,3,80,1,22,3,3,27,24,5,22
25,No,Travel_Frequently,227,Research & Development,7,1,Other,1,49,4,Male,75,3,1,Manufacturing Director,3,Married,8443,10265,1,Y,Yes,14,4,4,80,1,38,4,3,24,23,2,21
52,No,Travel_Rarely,914,Research & Development,23,3,Life Sciences,1,50,3,Male,86,3,3,Research Scientist,2,Married,5512,21402,0,Y,No,13,3,3,80,1,39,3,4,31,30,1,30
31,No,Travel_Frequently,600,Sales,23,3,Technical Degree,1,51,4,Male,90,4,3,Sales Executive,3,Divorced,8210,8292,1,Y,No,21,4,3,80,1,22,3,3,8,6,1,6
34,No,Travel_Frequently,1312,Research & Development,14,3,Medical,1,52,3,Male,85,3,3,Laboratory Technician,4,Single,4129,3560,2,Y,Yes,18,4,2,80,0,32,3,3,27,24,2,23
53,No,Non-Travel,755,Sales,29,3,Other,1,53,4,Female,58,4,3,Manager,3,Married,14066,27467,0,Y,No,16,3,2,80,3,27,0,4,30,30,6,29
57,No,Travel_Rarely,1497,Sales,18,4,Life Sciences,1,54,4,Male,43,2,4,Manager,3,Married,8224,13324,1,Y,No,20,2,3,80,1,18,1,4,16,14,1,13
21,No,Travel_Rarely,239,Research & Development,7,3,Marketing,1,55,4,Male,97,1,3,Laboratory Technician,3,Divorced,3518,28465,2,Y,No,16,3,2,80,0,26,1,4,22,20,2,19
19,No,Travel_Rarely,1095,Sales,10,4,Marketing,1,56,3,Male,42,4,4,Manager,3,Married,8726,27822,3,Y,No,20,4,2,80,1,23,1,4,12,11,4,11
23,No,Non-Travel,1462,Human Resources,8,4,Medical,1,57,4,Male,46,3,4,Human Resources,3,Single,5022,13994,0,Y,No,20,2,2,80,2,11,2,3,9,5,1,5
59,No,Non-Travel,842,Sales,24,3,Medical,1,58,2,Female,58,3,3,Manager,4,Married,7792,18856,3,Y,No,19,3,3,80,0,10,3,3,15,15,4,15
21,No,Travel_Frequently,315,Sales,14,3,Technical Degree,1,59,4,Male,31,3,3,Manager,4,Married,13241,23819,0,Y,No,21,2,1,80,0,19,1,3,5,2,2,1
46,No,Travel_Rarely,392,Human Resources,18,3,Human Resources,1,60,3,Male,91,2,3,Human Resources,3,Single,2257,4217,0,Y,No,13,1,3,80,2,11,5,4,10,8,0,8
35,No,Travel_Rarely,1045,Research & Development,5,3,Life Sciences,1,61,3,Female,49,3,3,Research Director,3,Divorced,11851,27276,0,Y,No,14,3,4,80,1,5,4,2,2,2,2,0
43,No,Travel_Rarely,472,Research & Development,14,4,Life Sciences,1,62,4,Female,85,4,4,Research Scientist,3,Single,4520,12271,3,Y,No,13,3,1,80,1,33,5,3,27,26,9,25
51,No,Travel_Rarely,631,Sales,22,3,Technical Degree,1,63,4,Male,81,2,3,Sales Executive,3,Married,10994,18436,0,Y,No,13,3,3,80,3,40,0,2,40,38,1,36
27,No,Travel_Rarely,793,Research & Development,25,4,Life Sciences,1,64,4,Female,54,4,4,Manufacturing Director,3,Married,7508,4987,0,Y,No,11,4,4,80,0,28,4,3,14,12,2,11
53,No,Travel_Rarely,650,Research & Development,22,3,Human Resources,1,65,2,Female,91,3,3,Research Director,3,Married,9385,10330,0,Y,No,24,2,3,80,1,9,4,3,12,11,0,11
31,No,Non-Travel,1421,Research & Development,26,3,Marketing,1,66,4,Male,46,3,3,Manufacturing Director,2,Married,9638,27973,6,Y,No,20,2,2,80,0,14,5,3,16,15,4,14
48,No,Travel_Rarely,875,Sales,22,1,Marketing,1,67,4,Female,68,2,1,Manager,3,Divorced,11472,20521,5,Y,Yes,16,4,1,80,0,10,3,2,6,5,7,3
32,No,Non-Travel,1118,Research & Development,10,1,Life Sciences,1,68,3,Female,39,3,1,Manufacturing Director,4,Married,8659,2827,0,Y,Yes,25,3,3,80,0,25,4,3,27,27,2,26
25,No,Travel_Frequently,520,Sales,26,3,Life Sciences,1,69,4,Male,88,2,3,Sales Representative,2,Married,3894,12275,1,Y,No,25,3,3,80,1,40,1,4,37,37,1,35
31,No,Travel_Rarely,462,Research & Development,15,3,Marketing,1,70,2,Male,54,1,3,Laboratory Technician,4,Divorced,3219,26548,6,Y,No,19,3,2,80,0,7,1,4,12,12,11,12
40,No,Travel_Rarely,1283,Research & Development,6,5,Other,1,71,2,Male,57,4,5,Research Director,2,Married,13585,17351,0,Y,No,15,4,4,80,1,15,1,2,16,12,5,10
57,No,Non-Travel,1200,Research & Development,9,4,Human Resources,1,72,3,Female,90,4,4,Manager,2,Single,5955,18315,0,Y,No,22,3,4,80,3,17,5,4,14,12,3,12
38,No,Travel_Frequently,1497,Research & Development,10,3,Life Sciences,1,73,1,Female,87,4,3,Laboratory Technician,3,Married,5183,29552,0,Y,No,22,3,2,80,2,34,1,4,35,35,2,33
33,No,Travel_Rarely,1021,Sales,23,3,Life Sciences,1,74,4,Female,73,2,3,Sales Executive,4,Divorced,3244,19632,7,Y,Yes,22,3,4,80,0,27,1,1,27,23,1,23
35,No,Travel_Rarely,668,Sales,17,3,Life Sciences,1,75,2,Male,52,4,3,Sales Executive,4,Single,9839,6835,3,Y,No,24,3,2,80,0,27,5,4,14,12,5,10
41,Yes,Travel_Rarely,819,Sales,1,3,Other,1,76,2,Female,46,3,3,Sales Representative,2,Married,1320,15197,1,Y,No,20,4,4,80,1,12,1,4,10,10,3,10
43,No,Travel_Rarely,828,Research & Development,14,3,Life Sciences,1,77,3,Male,67,4,3,Laboratory Technician,2,Divorced,5579,10377,0,Y,No,12,3,2,80,1,34,4,3,30,29,3,29
42,No,Travel_Rarely,1231,Research & Development,4,3,Life Sciences,1,78,3,Male,59,1,3,Research Director,3,Single,10482,5442,7,Y,No,20,3,4,80,3,8,4,1,3,0,0,0
58,No,Travel_Frequently,468,Sales,28,3,Life Sciences,1,79,2,Male,48,3,3,Sales Representative,2,Married,2149,9402,1,Y,No,14,3,2,80,3,40,0,3,34,34,3,32
46,No,Travel_Rarely,503,Sales,2,2,Medical,1,80,1,Female,61,4,2,Sales Executive,3,Married,10916,5193,2,Y,Yes,22,3,3,80,1,40,0,4,33,30,7,28
32,No,Travel_Rarely,204,Research & Development,3,1,Human Resources,1,81,3,Male,49,3,1,Laboratory Technician,3,Married,2356,6928,1,Y,Yes,16,3,2,80,0,24,3,3,26,26,10,26
18,No,Non-Travel,888,Research & Development,28,2,Medical,1,82,4,Female,93,4,2,Laboratory Technician,3,Single,3261,11604,3,Y,No,24,3,4,80,3,14,6,4,9,8,0,7
42,No,Travel_Rarely,426,Research & Development,7,4,Life Sciences,1,83,4,Male,65,3,4,Research Director,2,Single,17814,17261,0,Y,No,17,1,1,80,2,35,4,3,29,26,4,26
24,No,Non-Travel,474,Sales,23,3,Medical,1,84,1,Male,94,3,3,Sales Representative,2,Married,3355,29764,4,Y,No,22,3,2,80,1,18,2,3,19,15,3,14
26,No,Travel_Rarely,439,Research & Development,14,3,Medical,1,85,3,Male,72,4,3,Manager,3,Divorced,4706,15777,1,Y,No,23,3,2,80,1,32,2,3,28,27,8,27
41,Yes,Travel_Rarely,992,Research & Development,12,4,Life Sciences,1,86,2,Male,55,4,4,Research Scientist,1,Divorced,4131,9596,0,Y,No,23,2,1,80,1,29,2,3,28,25,6,23
18,Yes,Travel_Rarely,1158,Research & Development,19,5,Life Sciences,1,87,3,Female,36,4,5,Research Scientist,3,Married,4011,21300,2,Y,Yes,17,3,4,80,3,25,3,4,22,19,11,18
25,No,Travel_Rarely,1233,Sales,29,5,Technical Degree,1,88,4,Male,63,3,5,Manager,4,Single,12678,27591,4,Y,Yes,24,4,4,80,0,23,2,4,20,19,11,17
41,No,Non-Travel,1394,Research & Development,18,4,Life Sciences,1,89,3,Female,65,2,4,Laboratory Technician,1,Married,3453,6537,1,Y,No,14,3,4,80,2,13,1,3,9,8,1,7
28,No,Non-Travel,1198,Research & Development,15,1,Life Sciences,1,90,3,Male,35,3,1,Manager,1,Single,13965,25435,0,Y,No,20,3,4,80,0,40,3,3,40,39,5,38
34,No,Travel_Frequently,1306,Research & Development,29,4,Medical,1,91,2,Female,66,3,4,Laboratory Technician,1,Divorced,1895,15932,2,Y,No,20,3,1,80,3,7,2,4,11,9,3,8
25,No,Travel_Rarely,1277,Research & Development,29,4,Technical Degree,1,92,4,Male,91,4,4,Manager,4,Divorced,10027,7645,3,Y,Yes,15,3,2,80,1,27,1,4,29,25,1,24
52,No,Travel_Frequently,1193,Research & Development,1,1,Marketing,1,93,3,Female,89,3,1,Manager,1,Married,13122,6261,3,Y,Yes,23,3,3,80,0,34,4,4,32,32,1,30
52,No,Travel_Rarely,1497,Sales,25,3,Marketing,1,94,3,Female,93,3,3,Sales Executive,4,Divorced,5399,3935,1,Y,No,14,2,4,80,0,25,3,3,17,14,0,13
50,No,Travel_Rarely,1473,Sales,26,5,Medical,1,95,3,Male,79,4,5,Sales Representative,3,Single,3986,26425,0,Y,No,22,3,4,80,1,24,2,4,13,13,6,13
22,No,Travel_Rarely,1098,Sales,3,3,Marketing,1,96,2,Male,81,3,3,Sales Representative,2,Married,2332,28044,2,Y,No,20,3,3,80,0,28,3,4,21,20,2,20
59,No,Travel_Rarely,133,Sales,25,1,Life Sciences,1,97,4,Female,46,4,1,Manager,1,Married,12515,6538,1,Y,No,16,3,2,80,1,32,3,2,20,16,7,15
56,No,Travel_Rarely,1028,Research & Development,15,1,Human Resources,1,98,1,Female,89,4,1,Research Director,3,Divorced,9685,6426,6,Y,No,21,2,2,80,0,12,3,3,0,0,4,0
58,No,Travel_Rarely,721,Sales,4,3,Life Sciences,1,99,4,Male,83,1,3,Sales Representative,3,Single,2086,3358,2,Y,No,24,2,3,80,0,21,4,3,14,12,5,10
45,No,Travel_Rarely,1204,Research & Development,15,2,Medical,1,100,3,Female,39,2,2,Manager,3,Married,12217,15423,2,Y,No,17,4,4,80,1,37,3,4,35,34,1,33
24,No,Travel_Rarely,1384,Sales,10,4,Technical Degree,1,101,2,Female,54,2,4,Sales Representative,2,Divorced,1819,3769,1,Y,No,12,4,1,80,1,27,3,1,21,18,3,16
26,No,Travel_Rarely,979,Human Resources,6,4,Medical,1,102,2,Female,47,4,4,Human Resources,3,Single,4768,29337,1,Y,No,24,3,4,80,1,26,3,3,31,29,2,27
25,No,Travel_Frequently,276,Research & Development,13,3,Human Resources,1,103,4,Female,93,2,3,Manufacturing Director,2,Married,8072,29458,2,Y,No,20,3,4,80,1,40,3,3,32,31,1,29
29,No,Travel_Rarely,1492,Research & Development,7,5,Medical,1,104,3,Female,88,4,5,Research Scientist,3,Married,2573,27765,1,Y,No,22,3,4,80,1,40,1,2,40,38,7,37
51,No,Travel_Rarely,116,Research & Development,26,3,Other,1,105,2,Male,56,3,3,Manager,3,Married,14244,15725,5,Y,No,13,2,4,80,1,35,2,3,38,38,4,38
50,No,Travel_Frequently,1176,Research & Development,22,2,Other,1,106,1,Male,87,4,2,Manufacturing Director,3,Single,8624,19576,1,Y,Yes,21,3,1,80,0,28,3,4,22,21,0,21
40,Yes,Travel_Rarely,208,Research & Development,1,4,Human Resources,1,107,4,Male,90,4,4,Research Director,2,Single,11596,4816,1,Y,No,18,3,4,80,0,14,2,3,1,0,7,0
41,Yes,Travel_Rarely,570,Sales,22,4,Human Resources,1,108,4,Female,72,4,4,Manager,3,Single,12008,8267,0,Y,Yes,17,3,3,80,0,8,2,3,1,0,0,0
54,No,Travel_Frequently,303,Human Resources,11,4,Other,1,109,4,Female,40,3,4,Human Resources,3,Divorced,3601,25409,3,Y,Yes,22,3,4,80,2,40,4,3,37,36,2,36
52,No,Travel_Rarely,1343,Research & Development,14,5,Technical Degree,1,110,3,Male,34,3,5,Manager,1,Married,11999,6856,0,Y,Yes,11,4,2,80,1,37,0,3,28,26,4,24
57,No,Travel_Frequently,1166,Research & Development,6,4,Medical,1,111,3,Female,87,1,4,Manufacturing Director,3,Single,9495,23601,1,Y,Yes,14,3,3,80,1,16,3,3,2,0,0,0
39,No,Travel_Rarely,1018,Research & Development,5,5,Life Sciences,1,112,2,Female,68,3,5,Manager,2,Married,7714,17419,2,Y,No,15,4,1,80,2,34,2,2,38,37,4,35
44,Yes,Travel_Rarely,437,Sales,19,3,Marketing,1,113,2,Male,77,3,3,Sales Representative,1,Married,2000,19426,1,Y,No,24,4,1,80,0,19,2,3,6,3,4,2
52,No,Travel_Rarely,206,Research & Development,26,4,Human Resources,1,114,4,Male,49,4,4,Manufacturing Director,4,Single,7409,23627,3,Y,No,13,4,4,80,1,32,2,4,35,35,4,33
18,No,Travel_Rarely,304,Research & Development,19,5,Technical Degree,1,115,4,Male,48,4,5,Laboratory Technician,2,Married,3110,10417,3,Y,No,25,3,4,80,0,36,1,3,28,25,1,25
52,No,Travel_Rarely,1220,Research & Development,27,4,Human Resources,1,116,4,Male,89,2,4,Laboratory Technician,3,Married,3483,12170,7,Y,No,14,3,3,80,2,37,2,4,36,32,1,30
54,Yes,Travel_Rarely,1302,Research & Development,26,2,Technical Degree,1,117,3,Male,55,4,2,Manufacturing Director,4,Married,7299,8755,2,Y,No,20,3,3,80,2,37,2,3,35,32,1,32
31,No,Travel_Rarely,166,Research & Development,13,3,Life Sciences,1,118,4,Male,54,2,3,Research Scientist,2,Married,4715,24851,2,Y,No,20,3,4,80,2,27,2,1,22,18,11,16
20,No,Travel_Frequently,654,Sales,7,4,Life Sciences,1,119,4,Male,44,2,4,Manager,4,Single,16398,5977,1,Y,No,24,3,3,80,3,29,3,4,15,14,0,14
18,No,Travel_Frequently,325,Research & Development,8,3,Medical,1,120,3,Male,50,4,3,Research Scientist,2,Married,5226,14023,1,Y,No,20,4,4,80,2,30,2,2,30,27,2,25
22,No,Travel_Frequently,481,Sales,14,5,Life Sciences,1,121,2,Male,76,4,5,Sales Executive,3,Married,7117,29220,0,Y,Yes,17,4,3,80,2,38,4,4,33,31,8,31
43,Yes,Travel_Rarely,356,Research & Development,19,3,Marketing,1,122,3,Male,64,2,3,Manager,3,Married,8015,3883,3,Y,No,18,3,3,80,0,11,3,3,0,0,6,0
31,No,Travel_Rarely,1423,Sales,19,3,Human Resources,1,123,2,Female,73,4,3,Manager,4,Married,9400,2540,1,Y,No,22,3,4,80,0,21,1,3,17,14,7,13
56,No,Travel_Rarely,272,Sales,23,5,Technical Degree,1,124,4,Male,35,4,5,Sales Representative,3,Married,3757,10837,2,Y,No,19,4,3,80,3,40,2,2,39,36,12,34
44,No,Travel_Rarely,714,Research & Development,26,3,Medical,1,125,3,Female,52,2,3,Manager,3,Divorced,10313,23469,1,Y,No,25,1,3,80,3,10,1,4,14,14,2,14
26,No,Non-Travel,753,Research & Development,12,2,Life Sciences,1,126,3,Female,68,3,2,Research Director,3,Married,7096,23185,2,Y,Yes,23,2,4,80,1,16,5,4,16,13,2,11
32,No,Travel_Rarely,819,Research & Development,23,4,Life Sciences,1,127,3,Male,47,4,4,Laboratory Technician,2,Married,5702,6726,1,Y,Yes,12,4,4,80,1,8,4,2,9,9,0,9
32,No,Non-Travel,933,Sales,27,4,Medical,1,128,3,Male,69,4,4,Sales Representative,3,Divorced,4372,25406,2,Y,No,14,3,4,80,3,17,1,3,19,19,1,18
43,Yes,Travel_Frequently,1489,Research & Development,9,2,Medical,1,129,2,Male,65,3,2,Laboratory Technician,2,Married,3369,18286,6,Y,No,11,3,3,80,0,1,3,1,5,5,3,4
59,No,Travel_Frequently,920,Human Resources,14,5,Life Sciences,1,130,4,Male,57,2,5,Human Resources,3,Single,3713,20072,3,Y,Yes,13,4,3,80,0,13,5,4,7,7,1,6
30,Yes,Travel_Rarely,174,Research & Development,6,3,Medical,1,131,2,Female,93,4,3,Manager,3,Single,14604,11046,1,Y,Yes,18,3,2,80,1,30,3,3,33,32,5,31
49,No,Travel_Frequently,1185,Sales,15,4,Life Sciences,1,132,4,Male,87,4,4,Sales Executive,4,Single,5970,8634,2,Y,No,17,3,1,80,0,31,2,3,31,29,0,29
56,No,Non-Travel,556,Sales,13,3,Other,1,133,4,Male,67,3,3,Manager,3,Divorced,15198,2404,2,Y,No,25,3,4,80,1,11,2,1,3,3,1,1
49,No,Travel_Frequently,437,Sales,7,4,Life Sciences,1,134,2,Male,73,2,4,Sales Representative,4,Married,2559,21727,4,Y,No,25,2,2,80,2,40,2,4,38,36,5,35
21,No,Travel_Rarely,769,Research & Development,11,3,Life Sciences,1,135,4,Male,31,4,3,Laboratory Technician,2,Divorced,5227,9811,4,Y,Yes,18,3,3,80,0,27,3,3,19,19,1,18
47,No,Travel_Rarely,1249,Research & Development,10,3,Life Sciences,1,136,3,Female,64,4,3,Laboratory Technician,2,Married,2955,9018,1,Y,Yes,25,4,4,80,3,20,4,4,23,21,5,20
54,No,Travel_Rarely,115,Sales,1,3,Medical,1,137,3,Male,30,4,3,Sales Executive,3,Married,11965,29053,4,Y,No,21,2,4,80,3,33,3,4,23,20,14,18
40,No,Non-Travel,128,Research & Development,7,4,Marketing,1,138,3,Male,75,4,4,Research Director,3,Single,10585,27095,0,Y,No,16,2,1,80,2,34,1,2,25,22,6,22
56,No,Non-Travel,1175,Research & Development,18,1,Technical Degree,1,139,3,Male,89,4,1,Research Director,3,Married,14152,13132,3,Y,Yes,15,3,3,80,3,25,5,3,24,22,2,22
32,No,Travel_Rarely,288,Research & Development,23,4,Medical,1,140,2,Female,92,4,4,Manager,4,Married,10055,3407,1,Y,No,22,2,4,80,1,40,4,3,35,35,9,35
60,No,Travel_Frequently,1182,Research & Development,3,4,Marketing,1,141,4,Male,74,4,4,Manager,2,Divorced,7279,11012,1,Y,No,22,4,3,80,1,13,1,3,6,5,0,5
46,No,Non-Travel,872,Research & Development,9,2,Medical,1,142,3,Male,86,4,2,Research Scientist,3,Single,1386,9030,5,Y,No,20,2,4,80,2,9,1,2,9,7,5,5
53,No,Travel_Rarely,768,Research & Development,29,1,Marketing,1,143,2,Female,66,4,1,Manager,2,Married,16595,25743,1,Y,Yes,19,3,4,80,1,20,3,4,11,7,0,5
30,Yes,Travel_Rarely,1091,Research & Development,5,3,Life Sciences,1,144,4,Male,36,4,3,Research Director,2,Married,10204,13866,9,Y,No,15,3,3,80,1,11,2,4,0,0,1,0
49,No,Travel_Rarely,1159,Sales,23,4,Medical,1,145,4,Female,45,4,4,Sales Representative,1,Married,1877,22914,0,Y,No,19,4,3,80,1,22,2,4,24,20,13,19
24,No,Travel_Frequently,639,Sales,24,2,Technical Degree,1,146,3,Female,79,1,2,Manager,4,Married,16745,9928,2,Y,No,25,3,3,80,2,23,1,4,15,13,2,11
39,No,Travel_Rarely,1037,Sales,13,3,Technical Degree,1,147,1,Female,43,3,3,Sales Representative,3,Married,4040,14027,3,Y,No,25,3,4,80,2,13,5,3,4,4,7,4
45,No,Travel_Frequently,472,Human Resources,16,4,Technical Degree,1,148,3,Female,35,2,4,Human Resources,2,Single,7780,22451,0,Y,No,25,4,3,80,2,24,4,3,18,14,2,12
19,No,Travel_Rarely,187,Research & Development,16,4,Life Sciences,1,149,1,Female,90,3,4,Research Scientist,3,Married,2691,8206,0,Y,Yes,23,2,4,80,2,16,1,2,3,1,7,0
59,Yes,Travel_Rarely,261,Research & Development,12,3,Life Sciences,1,150,3,Female,50,2,3,Research Scientist,3,Married,6182,29863,0,Y,No,14,3,4,80,2,9,4,3,5,4,11,4
23,No,Travel_Rarely,526,Research & Development,18,3,Human Resources,1,151,4,Female,39,4,3,Research Scientist,4,Divorced,5018,20565,9,Y,No,22,4,2,80,1,25,3,2,25,25,2,23
45,No,Travel_Rarely,1231,Research & Development,11,4,Life Sciences,1,152,1,Female,61,3,4,Research Scientist,3,Divorced,6427,5232,3,Y,No,15,3,4,80,0,40,2,3,38,34,3,34
45,No,Travel_Rarely,376,Sales,17,5,Life Sciences,1,153,2,Male,35,2,5,Manager,1,Single,13953,17617,1,Y,No,11,3,3,80,2,34,4,4,38,36,4,36
37,No,Travel_Rarely,1414,Research & Development,7,5,Life Sciences,1,154,4,Male,31,3,5,Manufacturing Director,4,Single,8415,27000,0,Y,No,16,1,4,80,0,6,3,4,8,8,10,6
47,No,Travel_Rarely,359,Research & Development,15,4,Medical,1,155,1,Male,68,2,4,Manager,1,Divorced,16535,19935,0,Y,No,13,1,2,80,3,16,4,4,13,13,1,11
28,No,Travel_Rarely,1064,Research & Development,6,3,Life Sciences,1,156,1,Male,78,4,3,Laboratory Technician,3,Married,4394,2357,2,Y,No,21,1,2,80,2,17,2,2,8,5,4,4
45,No,Travel_Rarely,1345,Research & Development,6,3,Medical,1,157,3,Male,56,3,3,Manager,3,Divorced,15894,13638,7,Y,Yes,25,4,3,80,2,21,3,4,14,14,2,12
42,No,Travel_Rarely,1075,Sales,18,2,Medical,1,158,4,Male,85,3,2,Manager,2,Single,10243,19978,3,Y,No,20,4,3,80,3,40,2,2,36,34,1,32
56,No,Travel_Rarely,628,Research & Development,19,2,Other,1,159,4,Male,43,4,2,Research Scientist,3,Married,4267,23512,1,Y,Yes,12,3,2,80,1,21,2,3,19,18,0,16
50,No,Travel_Rarely,634,Human Resources,20,4,Life Sciences,1,160,4,Female,52,3,4,Human Resources,2,Divorced,2639,27586,2,Y,No,16,3,4,80,0,20,3,3,7,4,4,4
18,No,Travel_Frequently,1184,Research & Development,19,3,Life Sciences,1,161,3,Female,80,4,3,Research Director,4,Divorced,8319,26772,9,Y,Yes,11,2,3,80,1,40,5,3,31,29,8,28
44,No,Travel_Rarely,1485,Research & Development,2,3,Marketing,1,162,4,Male,54,3,3,Research Director,2,Married,12371,11225,2,Y,No,24,3,4,80,0,30,3,4,20,18,2,18
30,No,Travel_Rarely,214,Sales,3,5,Marketing,1,163,1,Male,82,3,5,Manager,3,Married,14031,27437,7,Y,No,22,3,3,80,1,40,1,3,40,38,3,36
58,No,Non-Travel,1401,Research & Development,14,3,Medical,1,164,3,Female,40,3,3,Manager,3,Married,8473,18732,0,Y,Yes,19,3,2,80,1,22,0,3,18,14,4,13
20,No,Travel_Frequently,358,Sales,22,2,Other,1,165,3,Male,64,2,2,Sales Executive,1,Single,9692,17763,3,Y,Yes,15,4,3,80,2,30,4,2,28,24,2,22
56,No,Travel_Rarely,430,Human Resources,25,2,Life Sciences,1,166,2,Female,84,2,2,Manager,3,Married,19999,3658,2,Y,No,17,3,4,80,1,25,2,4,30,29,9,29
23,No,Travel_Rarely,878,Sales,4,4,Other,1,167,3,Male,87,3,4,Manager,4,Married,8750,27150,3,Y,No,21,3,3,80,1,9,2,3,5,3,2,3
25,Yes,Travel_Frequently,1360,Sales,22,4,Medical,1,168,3,Male,97,4,4,Sales Representative,3,Divorced,2814,15315,2,Y,No,20,3,1,80,0,15,4,4,3,0,0,0
44,No,Travel_Frequently,152,Research & Development,17,3,Life Sciences,1,169,3,Female,66,4,3,Research Director,3,Married,8135,20203,0,Y,No,19,3,4,80,1,25,5,4,28,24,0,23
26,No,Travel_Rarely,322,Sales,28,3,Other,1,170,3,Male,38,2,3,Sales Executive,3,Single,6800,24855,0,Y,No,19,3,2,80,0,7,3,4,2,0,8,0
54,Yes,Travel_Rarely,884,Research & Development,6,4,Marketing,1,171,4,Female,57,3,4,Manufacturing Director,4,Single,8657,7881,6,Y,No,23,3,4,80,0,12,1,3,0,0,13,0
50,No,Travel_Rarely,697,Sales,28,4,Life Sciences,1,172,4,Female,84,4,4,Sales Representative,2,Married,2372,8655,1,Y,Yes,17,3,3,80,2,11,2,3,14,13,1,11
59,No,Travel_Rarely,1355,Sales,19,5,Life Sciences,1,173,2,Male,75,2,5,Sales Representative,3,Single,2750,11122,9,Y,No,25,3,3,80,0,22,4,3,20,18,0,16
41,No,Non-Travel,323,Human Resources,9,4,Life Sciences,1,174,3,Female,99,3,4,Manager,2,Married,12314,22392,3,Y,Yes,14,4,2,80,0,38,5,4,30,27,3,26
32,No,Travel_Rarely,1044,Sales,4,4,Marketing,1,175,2,Female,56,3,4,Sales Executive,4,Married,7990,8043,1,Y,No,25,3,4,80,0,6,6,4,6,4,5,2
49,Yes,Travel_Rarely,1179,Research & Development,7,3,Life Sciences,1,176,2,Male,39,4,3,Research Scientist,4,Divorced,6479,18867,6,Y,No,14,4,4,80,1,25,3,2,16,12,4,10
49,Yes,Non-Travel,1398,Human Resources,4,2,Life Sciences,1,177,4,Female,52,3,2,Human Resources,4,Divorced,5476,5912,4,Y,No,17,1,3,80,2,26,4,1,18,14,11,14
41,No,Travel_Rarely,299,Research & Development,11,2,Life Sciences,1,178,1,Male,50,4,2,Manufacturing Director,4,Married,6651,2357,1,Y,No,18,3,2,80,3,39,0,3,38,38,7,36
58,No,Travel_Rarely,229,Sales,22,4,Technical Degree,1,179,2,Female,74,3,4,Sales Executive,2,Divorced,8462,14672,0,Y,No,17,4,2,80,2,6,2,4,2,0,8,0
29,No,Travel_Rarely,1134,Sales,23,4,Other,1,180,2,Female,32,3,4,Manager,1,Married,13440,26829,5,Y,No,21,3,2,80,1,38,2,3,29,25,3,23
56,No,Travel_Rarely,1088,Research & Development,2,3,Technical Degree,1,181,4,Male,88,3,3,Laboratory Technician,2,Married,3297,11026,3,Y,No,24,4,3,80,0,38,5,4,34,30,2,29
19,Yes,Travel_Frequently,328,Research & Development,10,2,Life Sciences,1,182,1,Female,72,3,2,Laboratory Technician,3,Single,4009,3190,4,Y,Yes,24,3,3,80,0,39,0,4,28,25,5,23
20,No,Travel_Rarely,659,Research & Development,6,3,Other,1,183,4,Female,36,2,3,Research Director,3,Married,8850,28279,3,Y,No,20,3,1,80,1,26,2,3,13,13,2,11
54,No,Travel_Rarely,1259,Sales,8,5,Marketing,1,184,1,Female,56,4,5,Sales Executive,4,Married,5886,6564,1,Y,Yes,14,3,3,80,1,40,5,3,34,32,1,30
34,No,Travel_Rarely,1141,Research & Development,15,4,Other,1,185,4,Female,91,2,4,Manager,3,Divorced,5162,24363,5,Y,No,14,3,4,80,2,33,2,4,27,26,1,25
19,No,Travel_Frequently,316,Research & Development,13,4,Medical,1,186,4,Female,71,4,4,Manufacturing Director,3,Married,7212,10684,0,Y,No,18,4,4,80,0,38,2,3,29,27,3,27
19,No,Travel_Rarely,1237,Research & Development,29,4,Medical,1,187,3,Male,33,3,4,Manager,4,Divorced,5654,5409,1,Y,No,22,2,3,80,0,31,3,3,25,23,4,22
45,No,Travel_Rarely,956,Sales,28,5,Technical Degree,1,188,4,Female,91,3,5,Sales Representative,2,Married,2424,13319,0,Y,No,24,3,4,80,0,9,3,3,6,3,3,3
40,No,Travel_Frequently,1282,Research & Development,22,4,Life Sciences,1,189,4,Male,37,2,4,Manager,2,Single,14086,28696,0,Y,Yes,19,3,3,80,2,37,2,3,38,36,0,35
54,No,Non-Travel,526,Research & Development,2,4,Medical,1,190,4,Male,46,3,4,Laboratory Technician,3,Divorced,1919,10243,2,Y,No,17,2,3,80,0,28,5,4,30,27,3,25
49,Yes,Travel_Frequently,419,Research & Development,20,3,Other,1,191,4,Female,34,4,3,Laboratory Technician,3,Married,3300,26837,0,Y,Yes,25,2,4,80,1,10,2,3,4,1,1,0
50,No,Travel_Rarely,461,Research & Development,1,2,Other,1,192,2,Male,92,4,2,Laboratory Technician,4,Married,3568,29578,0,Y,Yes,22,3,4,80,0,40,5,3,34,30,4,30
18,No,Travel_Rarely,1037,Research & Development,15,3,Human Resources,1,193,3,Male,38,4,3,Laboratory Technician,3,Married,3249,3908,1,Y,No,24,3,3,80,1,16,4,4,13,12,2,12
36,No,Travel_Rarely,1059,Research & Development,7,2,Technical Degree,1,194,4,Male,37,3,2,Laboratory Technician,4,Single,2994,5646,3,Y,Yes,23,2,3,80,0,32,2,3,35,32,7,31
19,No,Travel_Frequently,1021,Research & Development,24,5,Life Sciences,1,195,3,Male,36,1,5,Research Director,3,Married,10976,26099,2,Y,No,24,2,4,80,0,23,4,3,26,26,6,25
43,No,Non-Travel,1003,Sales,26,3,Life Sciences,1,196,4,Female,66,4,3,Sales Representative,1,Married,3417,15832,2,Y,No,13,2,3,80,0,35,1,4,23,23,5,23
49,No,Non-Travel,1421,Sales,18,5,Medical,1,197,3,Male,84,4,5,Sales Executive,1,Married,7003,20761,3,Y,No,22,3,3,80,0,40,1,4,39,38,5,38
23,No,Travel_Frequently,299,Research & Development,10,3,Medical,1,198,3,Female,96,3,3,Research Director,2,Divorced,8722,13586,2,Y,Yes,20,3,4,80,0,32,5,3,28,25,3,24
49,No,Travel_Rarely,499,Human Resources,15,3,Life Sciences,1,199,4,Male,37,1,3,Human Resources,2,Married,6926,22720,1,Y,No,11,3,2,80,2,17,1,2,21,20,0,20
21,No,Travel_Frequently,691,Research & Development,5,5,Life Sciences,1,200,4,Female,98,4,5,Research Director,2,Single,6067,7404,7,Y,No,25,3,3,80,0,12,0,4,7,3,4,3
28,No,Travel_Frequently,343,Research & Development,27,3,Marketing,1,201,3,Male,34,4,3,Research Scientist,3,Married,5427,24342,0,Y,No,15,4,4,80,0,11,2,3,14,14,3,14
34,No,Travel_Frequently,530,Research & Development,24,3,Technical Degree,1,202,1,Male,46,3,3,Research Scientist,3,Divorced,5066,3625,1,Y,No,16,4,3,80,1,0,1,3,4,2,3,2
55,No,Non-Travel,712,Research & Development,11,2,Human Resources,1,203,4,Female,87,3,2,Research Scientist,3,Single,4768,7418,2,Y,No,21,4,2,80,2,6,4,2,3,3,2,1
41,No,Travel_Rarely,107,Research & Development,8,4,Technical Degree,1,204,4,Female,92,4,4,Manufacturing Director,1,Single,7976,27804,4,Y,Yes,19,3,3,80,0,23,5,2,10,7,9,5
22,No,Travel_Rarely,1443,Research & Development,21,3,Technical Degree,1,205,3,Male,56,2,3,Research Scientist,3,Single,1948,6386,4,Y,No,15,4,2,80,1,13,2,4,17,16,1,16
51,No,Travel_Rarely,1337,Research & Development,8,4,Marketing,1,206,2,Male,97,3,4,Manager,3,Single,16994,8354,0,Y,No,11,3,3,80,2,40,2,3,29,29,2,28
23,No,Travel_Rarely,1398,Sales,6,4,Human Resources,1,207,2,Male,57,1,4,Sales Executive,4,Divorced,8761,3389,3,Y,No,21,3,2,80,0,10,3,4,14,12,11,10
39,Yes,Travel_Rarely,1209,Research & Development,15,4,Marketing,1,208,4,Male,87,2,4,Research Scientist,4,Married,3202,24293,3,Y,Yes,21,2,3,80,1,14,2,3,5,3,7,2
28,No,Non-Travel,811,Research & Development,15,4,Other,1,209,1,Female,79,4,4,Manufacturing Director,4,Married,9821,19871,1,Y,No,14,3,3,80,0,12,2,3,15,14,0,13
33,No,Non-Travel,461,Research & Development,5,3,Human Resources,1,210,3,Male,96,3,3,Manufacturing Director,3,Married,8453,16657,0,Y,No,12,2,3,80,0,38,1,4,39,38,9,36
50,No,Travel_Frequently,1266,Research & Development,13,3,Human Resources,1,211,2,Male,60,4,3,Research Director,1,Married,8250,24885,3,Y,No,14,3,3,80,3,13,2,2,8,8,1,7
26,No,Travel_Rarely,1298,Research & Development,14,4,Medical,1,212,2,Male,41,3,4,Manager,1,Divorced,16290,11108,1,Y,No,24,3,2,80,0,34,3,3,33,30,5,29
23,No,Travel_Rarely,1145,Research & Development,11,3,Life Sciences,1,213,3,Male,84,4,3,Laboratory Technician,4,Divorced,3047,12333,0,Y,Yes,17,3,3,80,0,26,5,2,26,22,3,22
33,No,Travel_Rarely,604,Sales,20,3,Life Sciences,1,214,2,Male,33,3,3,Sales Executive,3,Married,9847,19094,1,Y,No,19,4,3,80,3,20,3,3,12,10,3,10
46,No,Travel_Rarely,328,Research & Development,21,3,Life Sciences,1,215,4,Male,71,1,3,Research Scientist,3,Divorced,5221,20270,0,Y,No,22,3,2,80,2,30,3,2,35,34,5,34
20,No,Travel_Rarely,210,Research & Development,12,5,Life Sciences,1,216,3,Male,83,4,5,Laboratory Technician,4,Married,4504,4216,1,Y,No,13,3,4,80,1,37,2,2,26,22,1,20
37,No,Non-Travel,844,Sales,20,3,Life Sciences,1,217,3,Male,51,2,3,Manager,3,Single,14084,19704,1,Y,No,13,3,4,80,2,19,4,4,8,4,1,4
53,Yes,Travel_Rarely,1445,Research & Development,1,3,Medical,1,218,3,Female,30,3,3,Research Director,2,Single,11598,18304,1,Y,Yes,21,3,2,80,2,12,5,3,4,0,4,0
36,No,Travel_Rarely,1433,Research & Development,3,4,Medical,1,219,4,Male,77,3,4,Research Director,2,Married,10645,26290,6,Y,No,14,3,1,80,2,25,5,4,21,18,1,17
43,No,Travel_Rarely,912,Sales,8,4,Technical Degree,1,220,4,Female,72,1,4,Manager,1,Divorced,9383,29139,1,Y,Yes,17,4,1,80,0,32,0,3,30,29,12,28
20,No,Non-Travel,1212,Research & Development,23,2,Life Sciences,1,221,1,Male,49,2,2,Research Scientist,3,Divorced,4584,16433,2,Y,No,16,3,3,80,1,4,3,3,2,0,3,0
36,Yes,Travel_Frequently,887,Research & Development,12,3,Marketing,1,222,1,Female,47,4,3,Manufacturing Director,3,Married,10199,6445,7,Y,Yes,24,3,2,80,0,37,3,1,29,28,0,27
37,No,Non-Travel,329,Research & Development,15,4,Technical Degree,1,223,3,Female,99,3,4,Research Scientist,4,Divorced,5471,6831,5,Y,No,15,3,1,80,0,21,2,3,20,20,5,18
49,No,Travel_Frequently,953,Research & Development,23,5,Medical,1,224,4,Female,78,3,5,Laboratory Technician,3,Married,4026,12818,1,Y,No,14,4,3,80,1,34,6,3,34,32,2,31
24,Yes,Travel_Rarely,1435,Research & Development,27,4,Other,1,225,3,Female,46,3,4,Manufacturing Director,1,Divorced,2970,26201,1,Y,No,22,4,4,80,1,3,2,1,5,4,0,2
58,No,Non-Travel,929,Research & Development,3,3,Life Sciences,1,226,2,Male,82,3,3,Research Scientist,2,Divorced,4212,8984,2,Y,No,18,3,4,80,0,22,2,4,27,25,2,24
50,No,Travel_Rarely,480,Research & Development,25,3,Life Sciences,1,227,4,Male,51,4,3,Laboratory Technician,3,Married,3165,10592,6,Y,No,22,3,4,80,0,40,2,3,31,31,11,29
57,No,Travel_Rarely,486,Research & Development,22,5,Medical,1,228,3,Male,39,4,5,Manufacturing Director,4,Married,5352,2750,0,Y,No,14,3,2,80,1,40,2,3,36,34,2,32
56,No,Travel_Rarely,214,Sales,8,4,Life Sciences,1,229,3,Male,53,2,4,Manager,2,Divorced,15253,15762,1,Y,No,13,4,1,80,1,19,5,3,24,20,2,19
35,No,Travel_Frequently,1418,Research & Development,24,3,Medical,1,230,2,Male,41,4,3,Manager,4,Single,4708,7594,4,Y,No,17,3,1,80,3,40,2,4,31,28,2,27
57,No,Non-Travel,1430,Research & Development,19,3,Medical,1,231,2,Male,33,3,3,Manufacturing Director,2,Divorced,10007,15730,1,Y,Yes,12,2,4,80,2,31,2,2,34,34,0,33
18,No,Travel_Rarely,392,Research & Development,20,4,Life Sciences,1,232,2,Female,71,3,4,Manager,2,Single,16785,9171,3,Y,No,14,3,3,80,3,20,3,3,21,19,0,18
28,No,Travel_Rarely,1230,Sales,6,3,Life Sciences,1,233,2,Male,34,3,3,Sales Representative,4,Married,2811,25875,3,Y,No,18,3,3,80,1,22,1,3,23,23,7,23
45,Yes,Non-Travel,392,Research & Development,18,3,Medical,1,234,4,Female,55,3,3,Manufacturing Director,1,Divorced,7821,20271,1,Y,Yes,14,3,3,80,2,36,4,2,38,34,12,34
42,No,Travel_Rarely,778,Sales,28,2,Marketing,1,235,1,Female,88,2,2,Sales Representative,3,Single,3870,22069,1,Y,Yes,20,2,4,80,3,40,4,3,29,26,1,24
40,Yes,Travel_Frequently,161,Research & Development,28,3,Marketing,1,236,3,Female,91,3,3,Laboratory Technician,1,Single,2698,19802,2,Y,No,22,1,3,80,2,40,2,3,31,31,3,29
48,No,Travel_Rarely,1437,Research & Development,11,3,Life Sciences,1,237,3,Male,34,2,3,Research Scientist,4,Married,5392,20987,3,Y,No,17,3,3,80,2,38,5,2,30,26,11,26
47,No,Travel_Rarely,207,Research & Development,12,4,Life Sciences,1,238,3,Male,55,2,4,Laboratory Technician,4,Divorced,2536,22155,4,Y,Yes,12,4,4,80,1,24,3,2,22,18,1,16
59,No,Travel_Rarely,724,Research & Development,23,3,Life Sciences,1,239,4,Male,35,4,3,Laboratory Technician,4,Single,2221,23484,3,Y,No,21,4,3,80,0,35,3,4,39,35,1,34
52,No,Travel_Rarely,190,Research & Development,2,3,Life Sciences,1,240,4,Male,53,3,3,Manufacturing Director,2,Divorced,8710,15302,0,Y,No,15,3,3,80,3,34,5,2,32,30,9,28
24,No,Travel_Frequently,1393,Research & Development,27,3,Other,1,241,4,Female,82,3,3,Manufacturing Director,2,Single,7935,12210,3,Y,Yes,22,4,3,80,2,19,3,3,24,23,5,21
33,No,Non-Travel,843,Research & Development,5,3,Life Sciences,1,242,2,Male,36,3,3,Research Director,3,Divorced,4836,28612,2,Y,Yes,23,3,4,80,2,33,2,2,35,35,1,33
43,No,Travel_Rarely,1244,Research & Development,28,3,Technical Degree,1,243,1,Female,39,4,3,Research Scientist,2,Divorced,6410,11837,2,Y,No,14,3,2,80,0,36,0,2,23,22,2,22
19,No,Travel_Frequently,1001,Sales,4,3,Other,1,244,2,Male,68,3,3,Sales Representative,3,Married,2626,5487,1,Y,No,19,2,2,80,0,29,3,3,30,26,0,26
18,No,Travel_Frequently,546,Sales,9,4,Life Sciences,1,245,2,Female,57,3,4,Sales Executive,3,Married,8072,11005,3,Y,No,17,3,4,80,1,37,5,3,38,37,2,35
29,No,Travel_Rarely,1108,Research & Development,13,1,Medical,1,246,3,Female,71,4,1,Manager,2,Married,17778,24294,3,Y,No,24,4,3,80,2,26,2,3,12,8,6,7
22,No,Travel_Rarely,1476,Research & Development,13,1,Human Resources,1,247,4,Male,91,4,1,Laboratory Technician,4,Married,3759,24692,2,Y,Yes,19,4,4,80,3,22,2,2,9,5,3,3
54,No,Travel_Rarely,407,Research & Development,15,2,Other,1,248,2,Male,81,4,2,Research Scientist,4,Single,6218,23117,5,Y,No,21,3,3,80,0,28,3,4,22,19,4,19
49,No,Travel_Rarely,716,Sales,2,3,Medical,1,249,4,Male,51,3,3,Manager,4,Single,8893,17705,0,Y,No,23,3,3,80,2,31,3,3,17,14,2,13
26,No,Travel_Rarely,303,Research & Development,23,5,Technical Degree,1,250,3,Male,86,4,5,Research Director,3,Single,14262,5169,1,Y,No,23,4,1,80,0,26,0,2,31,30,1,28
58,No,Non-Travel,1045,Human Resources,13,1,Other,1,251,3,Male,40,4,1,Manager,2,Married,9026,3023,2,Y,No,20,3,4,80,1,33,4,3,32,32,0,32
52,Yes,Travel_Rarely,1148,Research & Development,7,5,Medical,1,252,2,Male,43,4,5,Laboratory Technician,2,Single,2900,11701,7,Y,Yes,17,3,4,80,1,40,4,2,35,34,7,33
36,No,Travel_Rarely,1215,Research & Development,23,2,Other,1,253,2,Male,60,4,2,Manager,2,Married,6763,28614,0,Y,No,12,3,3,80,2,23,3,3,27,27,4,25
33,No,Travel_Rarely,572,Research & Development,17,4,Medical,1,254,4,Male,33,3,4,Research Director,2,Divorced,10805,16666,1,Y,Yes,22,4,2,80,3,20,1,3,15,14,1,14
20,No,Travel_Rarely,1218,Sales,8,3,Medical,1,255,2,Male,51,4,3,Sales Executive,4,Married,8324,19777,6,Y,Yes,12,2,4,80,0,16,3,2,15,13,2,12
37,Yes,Travel_Rarely,1080,Research & Development,18,4,Human Resources,1,256,4,Female,93,3,4,Research Scientist,1,Married,5535,17801,5,Y,No,12,2,3,80,1,28,1,2,17,15,6,13
41,Yes,Travel_Rarely,1410,Research & Development,15,3,Other,1,257,3,Male,90,3,3,Research Director,2,Married,5705,7239,5,Y,Yes,15,3,2,80,1,4,3,3,7,7,3,6
50,No,Travel_Rarely,410,Human Resources,15,3,Medical,1,258,4,Female,35,2,3,Manager,1,Divorced,13349,18212,1,Y,No,11,2,4,80,0,15,1,4,15,12,2,11
41,No,Travel_Rarely,834,Research & Development,5,4,Life Sciences,1,259,4,Male,97,1,4,Manufacturing Director,2,Divorced,8988,20730,4,Y,Yes,23,2,4,80,3,15,3,2,10,10,1,9
28,Yes,Travel_Rarely,637,Sales,2,4,Marketing,1,260,2,Male,35,1,4,Sales Representative,1,Divorced,3553,2855,2,Y,Yes,17,3,3,80,3,17,2,2,5,4,1,4
25,No,Travel_Rarely,477,Research & Development,16,3,Technical Degree,1,261,3,Female,95,4,3,Research Director,3,Divorced,7681,11358,2,Y,No,12,4,4,80,0,12,4,3,0,0,7,0
53,No,Travel_Rarely,600,Sales,29,2,Marketing,1,262,1,Male,65,2,2,Sales Executive,3,Single,1738,21138,1,Y,Yes,14,3,1,80,1,15,4,3,11,9,4,8
55,Yes,Travel_Rarely,737,Research & Development,5,2,Human Resources,1,263,3,Male,44,1,2,Research Scientist,2,Divorced,5453,20049,3,Y,Yes,19,4,1,80,0,36,6,2,37,33,5,32
57,No,Travel_Rarely,243,Research & Development,23,4,Other,1,264,1,Male,69,3,4,Laboratory Technician,2,Married,3346,6038,1,Y,No,18,4,4,80,1,36,2,3,27,25,8,24
37,No,Travel_Rarely,1177,Sales,6,3,Medical,1,265,3,Male,70,3,3,Manager,3,Single,13008,12164,1,Y,Yes,20,3,2,80,2,30,1,3,16,15,13,15
52,Yes,Travel_Rarely,1195,Research & Development,29,3,Life Sciences,1,266,2,Male,36,4,3,Research Scientist,3,Divorced,4372,22071,2,Y,Yes,12,3,4,80,0,0,2,2,0,0,1,0
42,No,Travel_Rarely,361,Research & Development,12,4,Medical,1,267,4,Male,51,4,4,Manager,1,Single,12844,19500,1,Y,No,24,1,4,80,3,26,1,3,31,31,1,31
52,No,Travel_Rarely,1418,Research & Development,5,5,Marketing,1,268,3,Female,40,3,5,Manufacturing Director,4,Married,9769,13560,1,Y,No,14,3,3,80,1,16,1,1,7,3,3,3
42,No,Travel_Frequently,479,Research & Development,20,4,Marketing,1,269,4,Male,31,4,4,Manufacturing Director,3,Single,3543,22926,1,Y,No,14,3,4,80,3,40,3,4,39,35,0,34
46,No,Travel_Rarely,1164,Research & Development,8,4,Medical,1,270,1,Male,59,1,4,Manager,3,Married,16107,2733,4,Y,Yes,12,2,1,80,0,36,3,4,23,22,6,21
35,No,Travel_Rarely,449,Research & Development,11,4,Medical,1,271,3,Male,97,4,4,Research Director,4,Married,9453,4921,1,Y,Yes,12,3,3,80,2,17,0,3,9,5,8,5
35,No,Travel_Rarely,929,Research & Development,14,3,Life Sciences,1,272,3,Female,82,2,3,Manager,3,Married,17857,13521,4,Y,No,15,3,4,80,2,40,2,3,38,37,5,37
19,No,Non-Travel,607,Research & Development,24,3,Life Sciences,1,273,3,Male,50,4,3,Manager,4,Married,10345,14809,3,Y,No,21,3,4,80,0,40,3,4,38,35,1,34
52,No,Non-Travel,483,Research & Development,17,4,Medical,1,274,4,Male,54,1,4,Research Director,4,Married,7955,11898,3,Y,Yes,14,3,3,80,0,5,2,3,9,9,0,9
33,No,Travel_Rarely,526,Research & Development,10,3,Life Sciences,1,275,4,Male,34,4,3,Research Director,2,Divorced,9554,15686,2,Y,No,25,4,2,80,3,35,4,4,35,33,2,33
58,No,Travel_Rarely,423,Sales,2,5,Medical,1,276,2,Female,95,2,5,Sales Executive,4,Single,8049,5498,3,Y,Yes,18,2,2,80,1,31,1,3,24,22,7,21
53,No,Travel_Rarely,351,Sales,3,2,Medical,1,277,4,Male,78,2,2,Sales Representative,1,Married,2753,11316,0,Y,Yes,14,2,3,80,1,20,2,3,9,7,2,6
50,No,Travel_Rarely,281,Sales,13,2,Marketing,1,278,4,Male,37,4,2,Sales Representative,2,Divorced,3515,6717,1,Y,No,25,3,3,80,3,18,1,3,18,15,0,13
21,Yes,Travel_Rarely,1105,Research & Development,17,5,Life Sciences,1,279,4,Male,56,2,5,Research Scientist,4,Divorced,3977,6854,3,Y,Yes,25,1,1,80,0,13,1,3,14,14,1,13
50,No,Travel_Rarely,130,Research & Development,27,4,Other,1,280,3,Female,31,4,4,Laboratory Technician,4,Married,3536,3858,8,Y,No,18,3,3,80,1,16,4,3,15,11,13,10
31,Yes,Travel_Rarely,1451,Research & Development,3,3,Medical,1,281,4,Male,57,4,3,Laboratory Technician,3,Married,5848,12483,0,Y,Yes,24,3,4,80,2,0,2,1,1,0,5,0
38,No,Travel_Rarely,839,Research & Development,10,4,Marketing,1,282,4,Male,40,3,4,Manager,1,Divorced,13286,16358,2,Y,No,15,3,3,80,1,35,3,3,28,28,9,26
37,No,Travel_Rarely,288,Research & Development,28,4,Technical Degree,1,283,2,Female,75,3,4,Research Director,3,Divorced,11312,23857,6,Y,No,11,3,2,80,0,16,2,3,3,3,6,3
25,Yes,Non-Travel,156,Research & Development,8,3,Life Sciences,1,284,3,Female,50,4,3,Research Director,3,Married,5582,4513,5,Y,No,24,3,4,80,1,23,3,3,28,26,3,25
24,No,Travel_Rarely,979,Research & Development,4,2,Medical,1,285,2,Male,71,4,2,Manager,2,Single,16875,17584,0,Y,Yes,24,3,2,80,2,37,5,4,30,26,0,25
20,No,Travel_Frequently,615,Sales,13,4,Human Resources,1,286,3,Female,61,3,4,Sales Representative,4,Single,3959,6960,2,Y,No,19,1,4,80,1,21,4,3,16,16,2,14
34,Yes,Travel_Rarely,118,Research & Development,29,5,Technical Degree,1,287,4,Male,61,3,5,Laboratory Technician,2,Single,2749,5515,0,Y,No,18,2,2,80,2,10,1,2,9,5,4,3
50,No,Travel_Rarely,189,Research & Development,7,3,Human Resources,1,288,4,Male,51,3,3,Manager,2,Married,15768,28576,4,Y,No,11,3,3,80,0,40,4,4,26,26,8,24
29,No,Travel_Frequently,1348,Research & Development,7,5,Technical Degree,1,289,4,Male,50,3,5,Research Scientist,1,Single,4945,28373,1,Y,No,22,2,3,80,2,37,2,4,40,39,1,39
39,No,Travel_Rarely,1183,Research & Development,16,5,Life Sciences,1,290,3,Female,51,3,5,Research Director,3,Married,10139,20700,3,Y,No,13,3,3,80,1,9,2,3,14,12,0,10
39,No,Travel_Rarely,805,Sales,27,3,Life Sciences,1,291,2,Male,63,4,3,Manager,3,Married,16647,12772,6,Y,No,13,3,3,80,3,32,3,2,30,30,3,30
47,No,Travel_Rarely,826,Research & Development,5,4,Marketing,1,292,2,Male,39,4,4,Manufacturing Director,2,Single,6770,20398,7,Y,No,25,2,2,80,0,31,5,3,20,17,1,16
55,No,Travel_Rarely,1355,Research & Development,28,3,Medical,1,293,4,Male,94,4,3,Research Scientist,4,Divorced,3524,16649,5,Y,No,15,3,3,80,1,40,1,2,40,40,4,39
55,No,Travel_Rarely,1279,Research & Development,17,3,Life Sciences,1,294,2,Female,94,3,3,Research Scientist,2,Married,4780,4167,1,Y,No,17,3,3,80,0,33,4,4,25,24,1,23
25,No,Travel_Rarely,1398,Research & Development,10,4,Technical Degree,1,295,2,Male,96,3,4,Manager,3,Single,13901,21412,0,Y,Yes,11,1,2,80,1,36,2,4,37,34,1,32
44,No,Travel_Rarely,1171,Research & Development,4,5,Medical,1,296,3,Male,72,4,5,Laboratory Technician,3,Divorced,4514,28523,2,Y,No,11,2,4,80,0,35,2,3,35,32,2,31
44,No,Travel_Rarely,996,Sales,23,4,Life Sciences,1,297,1,Male,70,4,4,Sales Representative,2,Single,2864,27719,2,Y,No,20,3,4,80,2,16,4,4,16,16,4,14
51,No,Travel_Rarely,553,Sales,14,3,Other,1,298,2,Male,42,4,3,Sales Representative,3,Married,2235,6231,0,Y,No,23,3,4,80,3,4,3,3,2,1,3,1
38,No,Travel_Rarely,1431,Sales,5,2,Other,1,299,2,Male,33,1,2,Manager,4,Married,19999,21532,1,Y,Yes,16,4,4,80,0,20,1,4,13,10,1,9
47,No,Travel_Frequently,528,Research & Development,2,2,Medical,1,300,4,Female,52,3,2,Research Scientist,3,Married,3033,9521,5,Y,No,24,4,2,80,0,24,3,4,12,10,8,10
50,No,Travel_Rarely,219,Sales,14,3,Other,1,301,2,Male,99,3,3,Manager,3,Divorced,12198,27511,5,Y,No,15,2,3,80,3,38,4,1,40,38,0,36
45,No,Travel_Rarely,789,Research & Development,24,1,Other,1,302,4,Male,63,2,1,Laboratory Technician,4,Married,4318,13349,1,Y,No,22,2,4,80,1,37,3,2,26,22,0,20
50,Yes,Non-Travel,1123,Research & Development,18,4,Medical,1,303,2,Female,70,4,4,Laboratory Technician,4,Married,4708,2000,1,Y,No,22,3,1,80,1,0,1,3,0,0,4,0
22,No,Travel_Rarely,681,Research & Development,27,3,Life Sciences,1,304,4,Male,47,3,3,Manufacturing Director,2,Single,6638,10268,2,Y,No,23,4,3,80,0,13,2,4,16,15,0,14
36,No,Travel_Rarely,352,Research & Development,24,4,Life Sciences,1,305,3,Male,62,4,4,Research Director,3,Single,4375,9611,5,Y,No,13,4,3,80,1,31,5,4,33,30,3,28
21,Yes,Travel_Rarely,504,Research & Development,29,3,Medical,1,306,4,Female,54,3,3,Laboratory Technician,1,Divorced,2880,21012,2,Y,Yes,23,1,2,80,0,12,3,3,13,11,11,10
52,No,Travel_Rarely,1022,Sales,11,4,Medical,1,307,4,Male,81,3,4,Manager,1,Married,15100,24518,7,Y,Yes,13,3,3,80,2,24,3,2,16,14,5,13
34,Yes,Travel_Rarely,301,Research & Development,16,3,Human Resources,1,308,3,Male,46,4,3,Research Scientist,2,Married,5360,12387,4,Y,Yes,14,3,4,80,1,11,4,2,2,1,4,1
45,No,Travel_Rarely,1271,Research & Development,18,1,Technical Degree,1,309,4,Male,80,3,1,Manufacturing Director,4,Married,9608,18957,7,Y,Yes,25,4,4,80,2,40,1,4,33,30,4,28
47,No,Travel_Rarely,1176,Research & Development,27,2,Technical Degree,1,310,3,Male,32,4,2,Manufacturing Director,3,Married,9707,3548,3,Y,No,23,2,2,80,0,40,3,3,39,38,1,38
46,No,Travel_Rarely,1015,Sales,16,3,Human Resources,1,311,4,Male,84,4,3,Sales Executive,2,Single,9814,26761,5,Y,No,21,3,3,80,1,24,2,3,24,24,2,23
23,Yes,Travel_Frequently,1493,Human Resources,21,5,Other,1,312,3,Male,85,4,5,Manager,2,Married,9206,15988,4,Y,No,20,3,2,80,0,5,1,3,1,0,2,0
52,No,Travel_Rarely,421,Sales,4,2,Life Sciences,1,313,4,Male,64,3,2,Sales Executive,4,Married,4484,16497,1,Y,No,12,2,3,80,3,40,2,4,33,32,11,30
58,No,Travel_Frequently,300,Research & Development,1,4,Life Sciences,1,314,4,Male,97,2,4,Research Director,3,Single,11111,8045,1,Y,No,23,3,4,80,1,36,4,4,25,24,1,24
54,No,Travel_Frequently,246,Research & Development,14,5,Technical Degree,1,315,2,Female,88,3,5,Manufacturing Director,2,Single,5483,21876,5,Y,No,19,2,3,80,0,38,1,3,30,30,3,30
41,No,Travel_Rarely,1184,Research & Development,12,4,Medical,1,316,3,Female,88,4,4,Manager,4,Single,7460,28819,0,Y,No,23,3,4,80,0,22,2,3,8,4,10,3
46,No,Travel_Rarely,244,Research & Development,24,3,Medical,1,317,4,Male,42,3,3,Research Scientist,3,Married,6152,26609,1,Y,Yes,22,3,3,80,0,35,2,4,29,27,6,25
48,No,Travel_Rarely,1348,Research & Development,10,5,Marketing,1,318,4,Male,91,3,5,Laboratory Technician,2,Divorced,3762,9839,4,Y,No,14,4,3,80,0,22,0,4,19,18,11,17
52,No,Travel_Rarely,1225,Research & Development,28,2,Other,1,319,4,Female,76,1,2,Laboratory Technician,3,Single,3529,28196,4,Y,Yes,20,3,4,80,1,29,2,3,20,18,4,17
50,No,Travel_Frequently,1151,Research & Development,19,3,Medical,1,320,2,Male,32,3,3,Laboratory Technician,4,Single,3551,7689,0,Y,No,13,1,4,80,0,34,4,3,28,24,2,22
38,No,Travel_Rarely,627,Human Resources,29,5,Technical Degree,1,321,3,Male,50,4,5,Human Resources,4,Single,5324,20280,2,Y,No,20,3,4,80,3,32,0,3,24,23,7,23
49,No,Travel_Rarely,223,Research & Development,4,4,Life Sciences,1,322,3,Female,94,2,4,Research Scientist,1,Married,6143,20839,2,Y,No,21,3,4,80,0,40,1,3,37,37,1,36
40,Yes,Travel_Rarely,366,Research & Development,20,3,Technical Degree,1,323,2,Male,47,3,3,Manager,2,Married,6547,11992,1,Y,Yes,17,3,4,80,2,38,3,2,24,22,1,22
50,No,Travel_Rarely,1132,Research & Development,21,3,Life Sciences,1,324,3,Female,42,1,3,Manager,2,Married,6398,7416,6,Y,No,23,3,4,80,0,8,3,3,8,8,5,6
20,No,Travel_Rarely,832,Sales,3,3,Other,1,325,3,Female,74,4,3,Sales Representative,3,Married,2157,12275,3,Y,No,19,3,4,80,0,36,3,3,38,34,4,33
35,No,Travel_Rarely,1345,Sales,25,3,Life Sciences,1,326,2,Male,91,4,3,Sales Executive,4,Married,7607,7383,8,Y,Yes,22,3,2,80,3,31,2,3,25,21,8,21
42,No,Travel_Rarely,497,Sales,4,3,Technical Degree,1,327,2,Male,59,3,3,Sales Executive,2,Divorced,10791,3405,0,Y,Yes,23,2,3,80,2,40,4,2,36,34,11,34
59,No,Travel_Rarely,1014,Sales,26,5,Life Sciences,1,328,2,Male,43,1,5,Sales Executive,4,Divorced,8825,16449,1,Y,No,12,3,3,80,1,28,2,2,15,11,7,10
48,No,Travel_Rarely,209,Research & Development,15,5,Life Sciences,1,329,4,Female,82,3,5,Research Director,3,Single,11777,12844,4,Y,Yes,24,3,3,80,2,40,3,3,36,33,0,31
20,No,Travel_Rarely,960,Research & Development,11,5,Medical,1,330,3,Female,39,3,5,Research Director,4,Single,9760,17960,1,Y,No,16,4,4,80,3,17,1,3,11,9,4,9
57,No,Travel_Rarely,737,Research & Development,16,3,Medical,1,331,2,Female,60,3,3,Laboratory Technician,4,Single,2100,6538,1,Y,No,15,3,1,80,1,37,2,3,23,20,6,18
41,No,Travel_Rarely,1034,Research & Development,27,4,Life Sciences,1,332,3,Male,35,3,4,Research Scientist,3,Married,5195,19570,9,Y,No,11,2,2,80,0,22,4,4,25,21,13,20
49,No,Travel_Rarely,870,Research & Development,4,5,Medical,1,333,1,Female,48,4,5,Research Scientist,3,Divorced,7235,4139,5,Y,No,21,3,4,80,0,16,2,2,19,17,2,17
39,No,Travel_Rarely,1134,Research & Development,6,5,Technical Degree,1,334,4,Female,41,4,5,Manager,3,Married,11135,4678,2,Y,No,17,3,1,80,2,16,1,3,8,5,1,5
40,No,Travel_Rarely,1492,Sales,8,3,Marketing,1,335,2,Female,93,2,3,Sales Executive,4,Single,5822,5794,2,Y,No,11,2,2,80,2,34,3,3,22,18,7,18
19,No,Travel_Rarely,1250,Human Resources,13,2,Life Sciences,1,336,4,Female,84,2,2,Manager,2,Married,11153,21103,0,Y,Yes,20,3,3,80,2,40,3,4,38,37,2,35
44,No,Travel_Rarely,1287,Sales,23,2,Technical Degree,1,337,3,Female,96,3,2,Sales Representative,4,Married,3539,16436,8,Y,Yes,19,3,4,80,0,32,3,3,28,27,4,27
59,No,Travel_Rarely,137,Sales,20,4,Life Sciences,1,338,4,Female,38,3,4,Sales Executive,1,Single,7234,26432,4,Y,Yes,14,3,3,80,3,40,3,3,30,30,2,30
19,No,Travel_Rarely,1129,Sales,4,4,Medical,1,339,2,Male,35,3,4,Manager,1,Married,15276,6602,0,Y,No,24,4,4,80,1,27,3,3,18,17,2,16
43,No,Travel_Rarely,514,Research & Development,5,4,Life Sciences,1,340,2,Male,30,4,4,Laboratory Technician,2,Married,3464,12418,0,Y,No,18,3,2,80,1,32,2,3,19,16,5,16
34,No,Travel_Rarely,1212,Research & Development,10,3,Marketing,1,341,4,Male,71,2,3,Manager,4,Married,11132,28907,4,Y,Yes,11,3,4,80,0,25,5,4,22,21,2,19
57,No,Travel_Rarely,584,Sales,5,2,Life Sciences,1,342,2,Female,84,4,2,Manager,3,Single,12824,14215,0,Y,No,15,1,2,80,3,24,3,3,26,24,5,23
50,No,Travel_Frequently,1013,Sales,12,3,Human Resources,1,343,4,Male,78,4,3,Sales Executive,1,Single,5866,6450,6,Y,No,13,2,2,80,1,38,3,4,29,27,0,26
26,No,Travel_Rarely,704,Research & Development,1,3,Life Sciences,1,344,3,Female,59,4,3,Research Director,4,Married,15222,13560,9,Y,No,14,3,3,80,1,33,2,3,20,18,2,18
60,No,Travel_Rarely,1183,Sales,29,2,Life Sciences,1,345,4,Female,64,4,2,Sales Representative,4,Single,3740,22341,5,Y,No,22,3,1,80,3,40,4,4,34,33,2,32
56,Yes,Travel_Rarely,1265,Research & Development,24,4,Life Sciences,1,346,4,Female,92,4,4,Laboratory Technician,4,Married,2345,15846,3,Y,Yes,14,3,3,80,3,8,0,3,6,5,5,5
46,No,Travel_Rarely,273,Research & Development,10,3,Other,1,347,4,Male,51,2,3,Research Scientist,2,Married,3493,8069,2,Y,Yes,18,4,3,80,0,32,3,4,21,21,2,20
59,No,Travel_Rarely,361,Sales,29,4,Marketing,1,348,3,Male,72,4,4,Sales Executive,1,Married,8187,10679,0,Y,No,20,3,2,80,3,4,2,3,9,5,4,3
43,No,Travel_Rarely,126,Research & Development,5,3,Technical Degree,1,349,3,Male,57,2,3,Research Director,3,Divorced,10549,15293,3,Y,Yes,20,3,4,80,2,23,3,3,22,22,5,22
52,No,Travel_Rarely,299,Research & Development,19,3,Human Resources,1,350,4,Female,47,4,3,Manufacturing Director,4,Married,8726,2278,1,Y,No,23,3,3,80,0,26,2,3,14,11,4,9
42,No,Non-Travel,680,Research & Development,19,3,Human Resources,1,351,4,Female,61,2,3,Manufacturing Director,3,Single,7538,4591,2,Y,No,13,3,4,80,0,35,3,4,29,27,4,27
41,No,Travel_Rarely,524,Sales,20,5,Technical Degree,1,352,1,Female,98,2,5,Manager,3,Married,13638,27225,1,Y,No,11,3,4,80,1,40,0,3,33,32,2,30
30,No,Non-Travel,1243,Research & Development,12,1,Life Sciences,1,353,3,Male,83,2,1,Laboratory Technician,4,Divorced,3322,29554,1,Y,No,15,3,2,80,1,7,2,3,12,8,2,6
24,No,Travel_Frequently,893,Sales,23,4,Other,1,354,2,Female,63,2,4,Sales Representative,2,Married,3507,2354,1,Y,No,12,4,3,80,2,12,4,2,3,0,3,0
53,No,Travel_Frequently,107,Research & Development,16,3,Life Sciences,1,355,4,Female,60,3,3,Laboratory Technician,3,Single,4311,17678,4,Y,No,23,3,3,80,0,18,2,4,17,16,0,16
37,No,Travel_Frequently,1222,Research & Development,5,5,Technical Degree,1,356,2,Male,33,4,5,Manager,3,Divorced,17784,20626,1,Y,No,21,3,4,80,2,33,1,3,22,22,8,21
18,No,Travel_Rarely,173,Human Resources,17,4,Marketing,1,357,3,Female,43,3,4,Manager,1,Married,10147,6899,1,Y,No,23,3,4,80,2,29,2,3,32,28,7,26
25,No,Travel_Rarely,1030,Research & Development,14,3,Technical Degree,1,358,4,Male,44,4,3,Laboratory Technician,2,Single,3488,8236,1,Y,No,25,2,3,80,1,38,5,4,33,33,2,33
33,No,Travel_Rarely,533,Human Resources,12,4,Medical,1,359,4,Male,89,2,4,Manager,4,Single,7611,20864,0,Y,No,24,3,1,80,3,33,1,4,33,32,3,30
31,No,Travel_Rarely,1064,Research & Development,13,2,Marketing,1,360,4,Female,49,3,2,Research Director,4,Single,15478,2557,5,Y,Yes,16,3,3,80,2,35,1,3,35,35,10,33
29,No,Travel_Rarely,481,Human Resources,21,5,Human Resources,1,361,2,Male,49,2,5,Manager,2,Divorced,4888,15338,2,Y,Yes,14,3,4,80,0,40,3,4,34,32,1,30
40,Yes,Travel_Frequently,651,Research & Development,14,3,Life Sciences,1,362,3,Female,78,2,3,Research Scientist,2,Single,6771,5486,0,Y,No,19,3,4,80,2,17,2,3,16,15,5,13
32,No,Travel_Rarely,909,Research & Development,5,3,Life Sciences,1,363,4,Female,97,2,3,Research Scientist,1,Single,4626,18545,1,Y,No,17,4,4,80,3,32,2,2,27,26,0,25
45,No,Travel_Rarely,157,Research & Development,22,4,Marketing,1,364,4,Male,47,3,4,Manager,4,Divorced,13506,24628,8,Y,No,12,3,4,80,0,24,4,4,13,9,3,7
51,No,Travel_Rarely,716,Research & Development,23,4,Human Resources,1,365,4,Male,53,2,4,Research Director,3,Married,9502,19082,2,Y,No,17,4,1,80,3,40,1,4,33,29,8,28
19,No,Travel_Rarely,1228,Research & Development,5,3,Life Sciences,1,366,4,Male,56,4,3,Research Scientist,4,Single,4541,12165,1,Y,Yes,20,3,4,80,0,23,3,3,10,6,3,4
49,No,Travel_Rarely,317,Research & Development,29,4,Life Sciences,1,367,3,Male,62,3,4,Research Director,4,Single,11764,5544,1,Y,No,24,3,4,80,1,14,3,2,12,10,4,10
40,No,Travel_Rarely,122,Research & Development,27,3,Life Sciences,1,368,4,Male,93,4,3,Research Director,3,Single,5090,22161,1,Y,No,18,2,2,80,2,40,5,3,32,30,9,28
39,No,Travel_Frequently,311,Research & Development,18,3,Life Sciences,1,369,2,Male,54,4,3,Manager,1,Single,9652,4205,0,Y,No,13,1,2,80,2,3,5,4,1,0,5,0
42,No,Travel_Rarely,392,Research & Development,14,4,Other,1,370,3,Male,98,4,4,Research Director,3,Married,7464,18875,4,Y,No,13,2,3,80,2,38,2,4,33,32,5,32
39,No,Travel_Rarely,816,Sales,18,3,Technical Degree,1,371,4,Male,47,4,3,Sales Representative,1,Single,3402,20376,1,Y,No,21,3,4,80,1,25,3,3,28,24,4,24
39,No,Travel_Rarely,936,Research & Development,29,3,Marketing,1,372,1,Male,74,2,3,Research Director,2,Single,10013,19416,4,Y,No,12,1,3,80,2,40,3,4,36,35,4,33
59,Yes,Non-Travel,289,Research & Development,20,4,Medical,1,373,3,Female,49,4,4,Manager,2,Married,14225,21667,2,Y,No,22,3,2,80,2,6,2,3,3,3,6,1
23,No,Travel_Rarely,1276,Research & Development,1,2,Technical Degree,1,374,2,Female,64,3,2,Manager,3,Married,12593,24400,0,Y,No,25,3,3,80,1,6,2,4,11,9,12,8
32,No,Travel_Frequently,292,Sales,7,4,Life Sciences,1,375,2,Male,35,3,4,Manager,3,Married,15810,6919,4,Y,No,11,3,3,80,1,20,5,2,25,22,6,22
60,No,Non-Travel,508,Research & Development,29,3,Medical,1,376,4,Male,38,4,3,Manager,2,Married,9335,14966,1,Y,Yes,13,1,3,80,2,33,2,3,27,27,5,27
54,No,Travel_Rarely,315,Sales,17,1,Medical,1,377,4,Female,81,4,1,Sales Executive,3,Single,7122,24358,3,Y,No,20,3,3,80,0,7,0,3,2,1,0,0
50,No,Travel_Rarely,655,Human Resources,3,2,Life Sciences,1,378,2,Female,57,4,2,Manager,2,Married,15993,27361,4,Y,No,22,3,4,80,1,14,4,4,19,17,7,15
25,No,Travel_Rarely,1061,Sales,10,4,Medical,1,379,3,Female,48,2,4,Sales Executive,4,Married,8909,20217,7,Y,No,21,3,3,80,0,23,3,3,9,5,5,3
22,Yes,Travel_Rarely,1319,Research & Development,7,4,Life Sciences,1,380,3,Female,92,3,4,Manufacturing Director,3,Married,4448,2991,0,Y,No,17,2,4,80,2,23,1,3,17,17,6,17
56,No,Travel_Frequently,1375,Research & Development,27,1,Life Sciences,1,381,2,Male,36,4,1,Laboratory Technician,2,Divorced,2427,14398,0,Y,No,21,4,4,80,0,37,0,4,26,24,1,23
21,No,Travel_Rarely,694,Sales,28,1,Life Sciences,1,382,4,Male,66,4,1,Sales Executive,3,Single,6828,25368,2,Y,No,19,3,3,80,1,39,2,3,30,29,9,27
23,No,Non-Travel,142,Research & Development,12,5,Technical Degree,1,383,3,Male,65,1,5,Manufacturing Director,3,Divorced,7436,24730,1,Y,No,24,3,3,80,0,22,5,3,26,25,0,25
49,No,Travel_Rarely,471,Research & Development,22,2,Life Sciences,1,384,4,Male,46,3,2,Laboratory Technician,1,Single,3431,20167,2,Y,No,19,3,3,80,0,12,5,3,0,0,1,0
47,No,Travel_Rarely,121,Research & Development,15,5,Human Resources,1,385,2,Male,66,4,5,Research Scientist,2,Divorced,5574,23568,0,Y,Yes,23,4,3,80,1,15,2,4,5,5,4,3
52,No,Travel_Rarely,1134,Sales,23,3,Life Sciences,1,386,3,Male,89,4,3,Sales Executive,4,Married,7607,19568,2,Y,No,16,3,4,80,1,8,4,3,10,10,5,8
57,Yes,Travel_Rarely,926,Research & Development,21,4,Technical Degree,1,387,1,Male,78,3,4,Research Scientist,1,Divorced,4969,29037,0,Y,Yes,24,4,4,80,1,35,2,2,33,30,2,30
33,Yes,Travel_Rarely,1328,Sales,16,3,Other,1,388,2,Female,85,4,3,Sales Representative,3,Single,3603,3668,4,Y,Yes,25,3,3,80,0,34,3,3,38,34,5,33
30,No,Travel_Rarely,119,Research & Development,8,5,Human Resources,1,389,4,Female,63,3,5,Laboratory Technician,4,Married,4627,8833,3,Y,No,16,1,4,80,3,27,2,4,19,17,2,16
59,No,Travel_Rarely,849,Research & Development,6,4,Other,1,390,2,Male,59,4,4,Manufacturing Director,2,Married,1009,7824,0,Y,No,21,3,4,80,0,29,3,2,20,19,0,17
47,No,Non-Travel,420,Research & Development,28,3,Life Sciences,1,391,1,Female,56,3,3,Research Director,2,Married,8840,28889,4,Y,Yes,15,3,4,80,3,23,2,3,20,19,1,18
36,No,Travel_Rarely,962,Research & Development,4,2,Medical,1,392,4,Male,80,3,2,Research Scientist,4,Married,3307,2571,1,Y,No,25,2,2,80,2,13,1,3,17,13,8,11
34,No,Travel_Rarely,1069,Human Resources,11,4,Medical,1,393,3,Female,38,4,4,Human Resources,2,Married,6284,6300,1,Y,No,12,3,4,80,0,31,1,2,20,20,1,20
36,No,Travel_Rarely,1407,Sales,17,4,Life Sciences,1,394,2,Male,49,1,4,Sales Executive,3,Married,6029,22122,0,Y,Yes,17,3,3,80,1,22,2,3,18,18,0,18
45,No,Travel_Frequently,353,Sales,2,1,Life Sciences,1,395,4,Female,76,4,1,Manager,4,Single,12273,2583,4,Y,No,11,1,4,80,3,6,5,4,3,2,5,2
43,No,Travel_Rarely,441,Research & Development,28,1,Other,1,396,2,Female,48,4,1,Research Director,4,Married,12556,25707,1,Y,No,16,3,2,80,1,8,5,1,12,8,2,6
54,No,Travel_Rarely,852,Sales,6,4,Medical,1,397,4,Male,97,4,4,Manager,4,Single,9829,28796,0,Y,No,24,3,4,80,0,30,4,4,17,16,6,15
43,No,Non-Travel,1069,Research & Development,4,3,Marketing,1,398,1,Male,41,3,3,Research Scientist,4,Divorced,4989,26883,7,Y,No,14,3,3,80,1,39,2,4,28,28,8,28
40,No,Non-Travel,563,Research & Development,3,4,Human Resources,1,399,3,Male,34,4,4,Laboratory Technician,3,Married,5131,26637,1,Y,No,13,1,4,80,1,29,2,3,24,22,7,20
26,No,Travel_Rarely,732,Research & Development,7,3,Marketing,1,400,3,Male,98,4,3,Manager,4,Divorced,14993,25924,6,Y,No,25,3,4,80,2,23,2,3,12,12,2,11
29,No,Non-Travel,502,Research & Development,7,5,Technical Degree,1,401,2,Male,54,4,5,Research Scientist,4,Single,2359,23963,1,Y,No,21,1,2,80,3,30,2,4,26,24,3,23
18,No,Travel_Rarely,472,Sales,16,5,Technical Degree,1,402,3,Female,60,3,5,Manager,4,Divorced,10949,6570,4,Y,No,23,3,2,80,0,30,0,4,18,15,4,14
18,No,Travel_Frequently,383,Human Resources,2,5,Life Sciences,1,403,3,Male,75,3,5,Manager,4,Divorced,13280,17740,3,Y,No,11,3,4,80,0,0,3,2,0,0,2,0
51,No,Travel_Rarely,491,Research & Development,8,2,Medical,1,404,4,Female,63,3,2,Laboratory Technician,2,Married,4080,7691,5,Y,No,24,4,3,80,0,40,1,3,37,34,0,32
49,No,Travel_Rarely,438,Sales,15,5,Human Resources,1,405,4,Female,70,3,5,Sales Representative,3,Married,2772,12325,7,Y,Yes,16,2,3,80,3,30,4,3,18,18,3,16
42,Yes,Non-Travel,1470,Research & Development,27,3,Human Resources,1,406,3,Male,97,4,3,Manager,1,Single,9696,20343,5,Y,Yes,23,2,4,80,1,14,3,3,0,0,0,0
57,No,Travel_Rarely,374,Research & Development,16,4,Other,1,407,3,Male,67,3,4,Manager,2,Divorced,12243,17502,1,Y,No,17,3,4,80,3,40,2,3,39,39,11,37
18,Yes,Travel_Rarely,1378,Research & Development,1,3,Medical,1,408,3,Male,75,4,3,Laboratory Technician,1,Married,2358,26414,4,Y,No,21,3,2,80,1,11,3,4,16,12,6,12
33,No,Travel_Rarely,1121,Research & Development,27,1,Other,1,409,4,Female,98,3,1,Laboratory Technician,4,Single,4654,7126,3,Y,Yes,11,3,3,80,2,17,2,3,20,16,1,16
56,No,Travel_Rarely,741,Research & Development,10,5,Life Sciences,1,410,3,Male,56,1,5,Research Director,2,Single,15606,28608,0,Y,No,21,4,4,80,0,30,2,4,21,21,1,21
22,No,Travel_Rarely,1499,Research & Development,7,2,Life Sciences,1,411,3,Female,72,1,2,Laboratory Technician,3,Divorced,3914,5762,6,Y,Yes,11,4,4,80,3,28,2,4,14,14,13,12
39,No,Travel_Rarely,919,Sales,16,4,Medical,1,412,3,Female,74,4,4,Manager,3,Divorced,11163,4786,2,Y,Yes,17,3,2,80,1,40,4,2,38,34,2,34
46,No,Non-Travel,107,Sales,10,4,Medical,1,413,4,Male,47,3,4,Manager,1,Divorced,15387,3542,0,Y,Yes,21,3,2,80,2,37,2,4,38,34,6,32
20,Yes,Travel_Rarely,687,Research & Development,12,4,Life Sciences,1,414,3,Male,61,3,4,Research Scientist,3,Married,5542,20059,1,Y,No,22,4,2,80,0,40,3,3,31,31,2,29
29,No,Travel_Frequently,1181,Sales,17,2,Medical,1,415,2,Female,31,4,2,Sales Representative,3,Single,2752,14813,2,Y,No,16,2,4,80,2,11,2,3,3,3,8,3
43,No,Travel_Rarely,923,Research & Development,13,3,Life Sciences,1,416,3,Female,70,3,3,Manager,4,Single,11827,18417,2,Y,Yes,17,3,3,80,1,40,2,3,31,30,5,30
33,No,Travel_Rarely,339,Research & Development,12,4,Medical,1,417,4,Male,49,4,4,Manufacturing Director,1,Single,6537,18294,2,Y,No,25,3,3,80,0,7,2,3,3,2,0,2
54,No,Travel_Rarely,591,Sales,15,3,Technical Degree,1,418,4,Male,87,4,3,Sales Executive,2,Single,7345,4799,1,Y,Yes,23,3,1,80,1,3,3,3,0,0,1,0
39,No,Travel_Frequently,1147,Research & Development,14,3,Marketing,1,419,4,Female,67,1,3,Manufacturing Director,3,Married,8717,25880,2,Y,No,18,4,1,80,1,38,3,4,32,29,3,27
46,No,Travel_Rarely,542,Research & Development,19,3,Life Sciences,1,420,4,Male,30,4,3,Laboratory Technician,1,Single,2680,20239,5,Y,Yes,18,3,4,80,0,7,3,4,6,2,9,2
31,No,Travel_Rarely,1166,Research & Development,19,3,Medical,1,421,3,Female,98,4,3,Research Scientist,2,Married,3049,13872,1,Y,No,19,3,3,80,0,7,2,3,8,6,0,6
45,Yes,Travel_Rarely,959,Research & Development,26,5,Technical Degree,1,422,3,Male,83,3,5,Manager,2,Divorced,7226,8923,2,Y,No,23,4,3,80,1,4,0,4,0,0,4,0
22,No,Non-Travel,359,Sales,14,3,Medical,1,423,4,Male,43,3,3,Sales Representative,3,Married,3374,4685,1,Y,No,19,3,2,80,0,17,3,1,15,11,2,11
47,Yes,Travel_Rarely,149,Research & Development,18,4,Medical,1,424,2,Female,54,4,4,Manufacturing Director,2,Divorced,7972,19441,0,Y,Yes,17,4,3,80,1,31,1,2,17,15,8,14
22,Yes,Travel_Rarely,604,Research & Development,26,3,Marketing,1,425,3,Male,38,4,3,Research Director,3,Married,9749,8938,2,Y,Yes,19,3,4,80,1,15,2,2,5,4,6,3
29,No,Non-Travel,240,Research & Development,29,3,Human Resources,1,426,4,Male,90,3,3,Laboratory Technician,4,Single,3987,22885,0,Y,No,16,3,2,80,0,7,2,3,1,0,2,0
33,No,Travel_Rarely,1327,Sales,5,1,Life Sciences,1,427,4,Male,81,2,1,Sales Executive,4,Married,5107,25981,3,Y,No,19,3,4,80,0,11,3,2,8,8,1,6
43,No,Non-Travel,610,Research & Development,20,3,Medical,1,428,4,Male,37,4,3,Laboratory Technician,2,Single,2376,8571,3,Y,No,21,3,2,80,2,7,3,3,3,3,0,2
43,No,Non-Travel,755,Sales,29,3,Medical,1,429,4,Female,45,2,3,Sales Executive,3,Married,7506,13153,1,Y,No,12,3,2,80,0,32,1,3,22,18,4,17
38,No,Travel_Rarely,1411,Research & Development,6,4,Marketing,1,430,2,Male,37,4,4,Research Director,2,Married,4813,6388,1,Y,No,21,2,3,80,2,11,3,3,7,4,2,4
56,No,Travel_Rarely,1358,Research & Development,18,3,Life Sciences,1,431,4,Male,52,4,3,Laboratory Technician,1,Single,3228,8022,6,Y,No,12,4,4,80,1,40,3,4,38,37,2,36
53,No,Travel_Rarely,1441,Research & Development,14,3,Life Sciences,1,432,1,Female,63,3,3,Manufacturing Director,2,Single,13919,4627,0,Y,No,24,4,3,80,3,21,2,4,24,20,13,20
50,Yes,Non-Travel,562,Research & Development,4,3,Life Sciences,1,433,4,Female,47,2,3,Laboratory Technician,3,Married,2084,22204,2,Y,Yes,16,3,4,80,0,28,2,4,15,14,3,12
47,No,Travel_Rarely,771,Research & Development,28,3,Human Resources,1,434,2,Male,73,4,3,Laboratory Technician,3,Divorced,3048,9247,6,Y,No,13,4,3,80,2,39,3,3,34,34,5,34
54,No,Travel_Frequently,1446,Research & Development,23,5,Technical Degree,1,435,3,Male,44,3,5,Laboratory Technician,4,Divorced,1270,13349,6,Y,No,12,4,2,80,1,16,3,4,16,13,1,11
40,No,Travel_Rarely,1300,Sales,1,3,Marketing,1,436,4,Female,44,3,3,Sales Executive,4,Married,6509,5643,2,Y,No,18,3,2,80,0,17,1,4,17,14,0,13
27,Yes,Travel_Rarely,1164,Research & Development,13,1,Other,1,437,2,Female,52,4,1,Research Director,1,Single,15899,24575,1,Y,Yes,17,3,4,80,0,35,3,4,26,26,2,25
22,Yes,Travel_Rarely,534,Sales,11,1,Life Sciences,1,438,4,Male,94,4,1,Sales Representative,3,Divorced,3420,22146,0,Y,No,18,4,2,80,1,23,2,2,14,12,4,11
53,No,Travel_Rarely,586,Research & Development,3,5,Other,1,439,2,Male,61,4,5,Research Director,1,Divorced,8158,24371,0,Y,No,16,3,4,80,0,23,4,3,16,13,3,13
51,No,Travel_Rarely,1183,Research & Development,17,3,Marketing,1,440,1,Male,61,3,3,Manager,3,Married,19853,28707,3,Y,No,19,2,4,80,1,3,1,3,4,2,8,0
48,No,Travel_Rarely,597,Research & Development,18,4,Medical,1,441,3,Female,62,4,4,Manufacturing Director,1,Divorced,3818,10798,0,Y,Yes,19,3,2,80,3,23,2,3,15,14,2,12
27,No,Travel_Rarely,976,Sales,25,2,Other,1,442,3,Female,72,2,2,Sales Representative,4,Married,3408,20739,5,Y,No,12,3,3,80,1,10,3,3,14,11,2,9
36,Yes,Travel_Rarely,702,Research & Development,10,5,Technical Degree,1,443,2,Female,42,4,5,Laboratory Technician,4,Divorced,3568,28875,2,Y,Yes,20,4,2,80,1,39,2,4,33,33,9,31
49,No,Travel_Rarely,1259,Research & Development,16,5,Other,1,444,3,Female,38,4,5,Manufacturing Director,1,Divorced,7407,15792,0,Y,No,15,3,2,80,2,32,2,4,18,16,2,14
18,No,Travel_Rarely,756,Research & Development,21,4,Life Sciences,1,445,4,Female,91,4,4,Manager,4,Single,14905,14467,1,Y,No,19,4,2,80,2,15,3,1,7,6,1,6
22,No,Travel_Rarely,708,Research & Development,13,1,Human Resources,1,446,2,Male,86,4,1,Research Director,3,Married,6454,17955,2,Y,No,13,3,3,80,0,22,3,3,9,8,0,6
21,No,Travel_Rarely,257,Research & Development,20,3,Human Resources,1,447,3,Male,77,3,3,Laboratory Technician,3,Divorced,3828,19717,0,Y,No,15,3,4,80,2,18,3,3,4,1,6,0
33,No,Travel_Frequently,302,Research & Development,12,3,Medical,1,448,4,Male,72,4,3,Research Scientist,3,Single,4750,22392,4,Y,No,25,3,4,80,1,34,1,2,25,22,7,20
41,No,Travel_Rarely,1123,Research & Development,4,3,Life Sciences,1,449,3,Male,96,4,3,Research Scientist,3,Married,3324,20857,6,Y,No,18,2,4,80,0,35,3,2,21,17,0,16
33,No,Non-Travel,600,Research & Development,8,3,Life Sciences,1,450,3,Female,61,4,3,Manufacturing Director,4,Divorced,12679,8143,7,Y,Yes,12,3,2,80,0,33,2,4,22,18,2,18
19,No,Travel_Rarely,589,Sales,12,1,Human Resources,1,451,4,Male,89,3,1,Sales Executive,4,Married,6618,5733,3,Y,No,25,4,3,80,0,20,0,3,12,9,5,9
45,No,Travel_Frequently,261,Research & Development,19,4,Medical,1,452,4,Male,30,4,4,Manufacturing Director,3,Single,7667,20470,5,Y,No,16,3,3,80,1,20,2,4,8,4,10,3
49,No,Travel_Rarely,1336,Research & Development,15,3,Medical,1,453,4,Male,86,3,3,Manager,4,Married,8300,21734,2,Y,Yes,21,4,2,80,0,18,0,4,19,19,2,17
44,No,Travel_Rarely,1195,Research & Development,28,3,Life Sciences,1,454,4,Male,98,4,3,Manufacturing Director,4,Single,7607,15103,2,Y,No,14,3,2,80,1,33,2,4,27,27,8,27
37,Yes,Travel_Rarely,932,Research & Development,16,1,Life Sciences,1,455,1,Male,98,1,1,Manufacturing Director,2,Married,13603,16960,3,Y,Yes,22,3,3,80,1,40,2,1,36,32,2,32
41,No,Travel_Rarely,1073,Research & Development,12,5,Marketing,1,456,4,Male,97,4,5,Manufacturing Director,1,Single,7393,26951,1,Y,Yes,25,3,4,80,2,25,6,2,23,20,1,20
29,No,Travel_Rarely,1439,Research & Development,20,3,Medical,1,457,4,Female,90,4,3,Laboratory Technician,4,Married,4044,3952,0,Y,No,25,3,4,80,1,32,4,3,32,32,0,30
52,No,Travel_Rarely,532,Research & Development,18,4,Human Resources,1,458,4,Male,37,3,4,Manufacturing Director,4,Married,10281,5710,3,Y,No,24,3,2,80,2,28,4,2,19,18,2,17
50,No,Travel_Rarely,1292,Research & Development,22,3,Marketing,1,459,3,Female,36,4,3,Manufacturing Director,1,Married,7564,28664,7,Y,No,22,3,4,80,3,35,3,3,29,26,2,25
50,No,Travel_Rarely,1444,Research & Development,12,1,Technical Degree,1,460,4,Male,66,3,1,Laboratory Technician,3,Married,3069,20077,2,Y,No,16,2,4,80,3,8,4,4,8,6,10,4
60,No,Travel_Frequently,218,Research & Development,16,3,Life Sciences,1,461,2,Male,71,4,3,Laboratory Technician,1,Married,3995,16029,2,Y,No,13,3,3,80,3,22,2,4,16,14,1,14
54,No,Travel_Rarely,798,Sales,25,3,Life Sciences,1,462,4,Male,61,4,3,Sales Executive,4,Married,6493,13747,2,Y,Yes,16,3,2,80,0,40,3,4,35,32,2,30
29,No,Travel_Rarely,304,Research & Development,28,4,Medical,1,463,2,Male,46,2,4,Research Director,4,Single,9004,14472,2,Y,Yes,17,3,4,80,0,19,2,3,13,9,0,7
20,No,Travel_Rarely,1287,Research & Development,20,4,Life Sciences,1,464,4,Female,57,3,4,Research Scientist,3,Married,5768,26647,1,Y,No,20,3,4,80,1,21,1,3,18,18,6,17
18,No,Travel_Rarely,1063,Research & Development,11,3,Life Sciences,1,465,3,Male,99,4,3,Research Scientist,3,Single,4406,3774,6,Y,No,13,3,4,80,1,19,1,3,6,6,9,4
50,No,Travel_Rarely,563,Research & Development,22,5,Human Resources,1,466,1,Male,77,3,5,Manufacturing Director,4,Divorced,10911,18957,2,Y,No,15,4,3,80,0,0,3,3,2,0,1,0
57,No,Travel_Rarely,1045,Research & Development,20,3,Medical,1,467,4,Female,83,4,3,Manager,2,Single,11669,24869,0,Y,No,23,4,3,80,0,39,1,4,32,31,2,31
27,No,Travel_Rarely,801,Research & Development,14,5,Life Sciences,1,468,3,Male,71,4,5,Manufacturing Director,4,Married,4838,6664,3,Y,Yes,22,3,2,80,3,38,3,1,31,27,0,27
60,No,Travel_Rarely,302,Sales,2,5,Life Sciences,1,469,4,Male,65,3,5,Sales Executive,3,Married,1009,7059,1,Y,No,18,3,4,80,0,12,5,3,10,9,3,8
46,No,Travel_Rarely,1356,Research & Development,13,3,Life Sciences,1,470,2,Female,95,4,3,Laboratory Technician,3,Married,1569,23746,3,Y,No,25,3,2,80,1,8,1,4,1,0,0,0
30,No,Non-Travel,617,Research & Development,14,3,Human Resources,1,471,4,Female,60,3,3,Research Director,3,Single,5002,22450,2,Y,No,12,2,1,80,0,23,2,2,25,22,3,20
29,No,Non-Travel,1331,Research & Development,6,3,Life Sciences,1,472,3,Male,94,3,3,Manager,3,Married,12959,8471,3,Y,Yes,17,3,3,80,2,3,3,4,3,2,5,0
48,No,Travel_Rarely,1456,Research & Development,12,4,Medical,1,473,3,Female,32,2,4,Laboratory Technician,4,Married,2480,24497,0,Y,No,23,3,3,80,1,16,2,1,16,14,3,12
19,No,Travel_Rarely,707,Research & Development,7,3,Marketing,1,474,3,Female,42,3,3,Research Director,4,Married,4077,16293,0,Y,Yes,11,3,2,80,0,22,5,4,16,13,1,12
52,No,Travel_Rarely,845,Sales,4,5,Life Sciences,1,475,4,Male,60,4,5,Sales Executive,4,Married,6725,10344,1,Y,No,17,3,3,80,3,33,4,3,27,23,2,23
40,Yes,Travel_Rarely,976,Research & Development,28,4,Life Sciences,1,476,4,Female,58,4,4,Manager,2,Married,8105,23758,3,Y,Yes,11,3,3,80,2,40,1,2,29,28,4,26
34,No,Travel_Rarely,448,Sales,27,3,Life Sciences,1,477,3,Male,86,4,3,Sales Executive,2,Married,7972,10920,1,Y,No,14,2,3,80,2,40,0,2,39,37,4,37
43,No,Travel_Rarely,450,Sales,7,2,Life Sciences,1,478,3,Male,62,4,2,Sales Representative,3,Married,3394,15735,1,Y,No,25,4,1,80,3,31,5,4,22,21,0,21
25,No,Travel_Rarely,1285,Sales,13,4,Life Sciences,1,479,3,Male,82,3,4,Sales Executive,4,Married,8142,12471,8,Y,No,14,4,3,80,1,34,5,4,23,21,7,21
46,No,Travel_Frequently,1377,Research & Development,11,2,Life Sciences,1,480,4,Male,39,3,2,Manager,3,Married,2790,11744,1,Y,No,22,4,2,80,2,32,2,3,28,26,3,26
43,No,Travel_Frequently,1347,Research & Development,8,4,Technical Degree,1,481,4,Female,92,4,4,Research Director,4,Single,10136,5663,4,Y,Yes,15,3,2,80,0,17,1,4,3,0,1,0
27,No,Non-Travel,959,Research & Development,27,3,Life Sciences,1,482,3,Male,94,4,3,Research Scientist,4,Single,4336,14463,4,Y,No,12,2,4,80,2,37,3,4,37,34,0,33
43,Yes,Travel_Rarely,495,Research & Development,19,3,Technical Degree,1,483,3,Female,31,3,3,Manufacturing Director,3,Single,5068,18378,5,Y,No,24,2,3,80,0,31,2,1,28,26,11,25
51,No,Non-Travel,1095,Research & Development,2,1,Technical Degree,1,484,3,Female,31,4,1,Research Scientist,4,Single,1614,25078,6,Y,No,24,3,2,80,0,27,5,4,18,15,1,13
58,No,Travel_Rarely,1079,Sales,21,4,Medical,1,485,4,Male,98,3,4,Manager,4,Married,11608,8141,2,Y,No,22,3,3,80,1,36,4,3,26,22,9,20
24,No,Travel_Rarely,268,Research & Development,18,2,Life Sciences,1,486,1,Female,66,2,2,Laboratory Technician,4,Married,4617,24670,3,Y,No,21,4,2,80,0,30,3,3,28,25,2,23
21,No,Non-Travel,1077,Research & Development,26,4,Life Sciences,1,487,4,Male,31,4,4,Laboratory Technician,3,Single,1009,8160,2,Y,No,22,4,2,80,1,40,2,2,35,35,2,34
28,No,Non-Travel,553,Research & Development,21,3,Technical Degree,1,488,2,Male,90,3,3,Manager,4,Divorced,9002,14536,1,Y,No,25,4,3,80,1,33,3,3,34,32,5,32
46,No,Travel_Frequently,1263,Research & Development,10,4,Marketing,1,489,2,Female,69,2,4,Laboratory Technician,1,Single,3638,29682,1,Y,No,16,3,4,80,1,17,2,3,5,1,0,0
53,No,Travel_Rarely,961,Research & Development,29,4,Marketing,1,490,1,Male,92,4,4,Manager,3,Married,16049,27575,1,Y,Yes,16,3,4,80,0,36,0,3,22,21,2,19
42,No,Travel_Rarely,311,Sales,6,2,Life Sciences,1,491,4,Male,54,4,2,Manager,2,Married,10875,9142,1,Y,Yes,24,3,3,80,0,40,3,3,38,34,2,32
38,No,Travel_Rarely,869,Sales,24,4,Human Resources,1,492,4,Male,67,4,4,Sales Executive,1,Married,11055,23405,3,Y,Yes,18,4,3,80,1,3,2,4,7,5,8,5
53,Yes,Travel_Frequently,315,Sales,22,2,Life Sciences,1,493,1,Male,66,3,2,Sales Representative,4,Single,1384,25254,7,Y,Yes,23,3,4,80,2,0,4,1,1,0,3,0
27,No,Travel_Rarely,1485,Sales,4,3,Medical,1,494,3,Male,56,3,3,Sales Executive,3,Married,2764,8308,5,Y,No,20,2,2,80,0,20,4,4,12,11,2,11
54,Yes,Travel_Rarely,1360,Sales,19,3,Medical,1,495,2,Male,79,2,3,Sales Executive,2,Married,9137,11326,1,Y,Yes,22,2,2,80,1,40,2,3,39,39,1,38
26,Yes,Travel_Rarely,1074,Research & Development,14,4,Life Sciences,1,496,4,Female,63,4,4,Laboratory Technician,3,Divorced,1032,6742,0,Y,Yes,11,3,4,80,2,29,2,1,20,18,4,16
41,No,Travel_Rarely,405,Sales,14,5,Medical,1,497,4,Male,73,4,5,Sales Executive,4,Married,7969,21529,3,Y,No,14,3,3,80,0,40,2,4,30,28,1,28
52,No,Non-Travel,1234,Research & Development,18,4,Technical Degree,1,498,2,Male,33,4,4,Laboratory Technician,4,Divorced,3190,26527,1,Y,No,22,4,4,80,1,30,2,3,35,31,1,31
52,No,Travel_Rarely,958,Research & Development,29,3,Other,1,499,2,Male,81,4,3,Laboratory Technician,1,Single,2553,4715,4,Y,No,12,3,2,80,0,40,3,3,37,34,1,33
53,No,Travel_Rarely,962,Research & Development,17,4,Other,1,500,4,Male,84,1,4,Laboratory Technician,4,Married,3051,18086,4,Y,No,21,3,3,80,3,34,3,2,26,23,4,22
35,No,Travel_Frequently,909,Research & Development,18,1,Medical,1,501,4,Female,41,3,1,Manufacturing Director,3,Married,4906,10545,2,Y,Yes,18,1,4,80,0,40,5,3,35,34,2,33
56,No,Travel_Rarely,221,Research & Development,18,5,Marketing,1,502,1,Female,43,3,5,Research Scientist,3,Married,4070,23777,1,Y,Yes,22,3,3,80,0,29,3,3,22,22,3,20
49,No,Travel_Frequently,1335,Research & Development,5,3,Life Sciences,1,503,3,Female,64,4,3,Research Director,3,Single,10052,11494,0,Y,No,14,3,3,80,3,20,2,3,20,20,4,19
41,No,Travel_Frequently,528,Research & Development,9,5,Medical,1,504,4,Male,35,2,5,Laboratory Technician,4,Married,3062,22466,1,Y,No,24,3,2,80,0,7,1,2,12,8,11,6
40,No,Travel_Rarely,1046,Sales,1,4,Life Sciences,1,505,3,Male,76,3,4,Sales Executive,4,Married,5771,5731,2,Y,No,18,3,2,80,1,34,2,4,36,32,6,31
49,No,Travel_Rarely,431,Research & Development,4,4,Medical,1,506,3,Male,52,2,4,Manager,2,Married,12914,17390,7,Y,No,23,4,1,80,0,22,2,4,25,22,2,21
54,No,Travel_Rarely,1351,Research & Development,26,4,Medical,1,507,3,Female,97,4,4,Laboratory Technician,3,Married,5242,14813,0,Y,Yes,12,3,3,80,3,40,2,3,39,39,5,37
29,No,Travel_Rarely,736,Research & Development,7,3,Medical,1,508,3,Male,94,4,3,Laboratory Technician,3,Divorced,3220,27085,1,Y,No,23,3,4,80,2,2,1,3,6,6,10,5
30,Yes,Travel_Rarely,1272,Research & Development,11,4,Marketing,1,509,3,Male,88,4,4,Research Director,3,Single,12459,19921,2,Y,Yes,24,4,4,80,1,40,5,2,38,38,3,36
40,No,Travel_Rarely,1465,Sales,14,1,Other,1,510,4,Female,38,4,1,Manager,3,Divorced,8521,10092,1,Y,No,14,4,3,80,0,35,1,4,21,20,2,18
42,No,Travel_Rarely,665,Research & Development,10,4,Medical,1,511,2,Male,87,4,4,Manufacturing Director,3,Divorced,4798,2177,5,Y,No,22,2,4,80,0,40,3,2,38,37,0,36
52,No,Travel_Rarely,281,Research & Development,19,4,Human Resources,1,512,3,Male,77,2,4,Laboratory Technician,3,Divorced,3975,20760,0,Y,No,19,4,3,80,1,31,0,1,22,18,8,17
58,No,Travel_Rarely,391,Sales,8,5,Technical Degree,1,513,2,Male,92,3,5,Sales Executive,2,Married,6509,9738,7,Y,No,15,2,3,80,0,29,2,3,29,26,1,26
47,No,Travel_Rarely,288,Sales,3,3,Medical,1,514,2,Female,38,4,3,Sales Executive,3,Married,9371,10992,6,Y,No,16,3,2,80,1,31,2,4,17,15,0,14
34,No,Travel_Rarely,587,Research & Development,8,2,Marketing,1,515,4,Male,73,3,2,Manager,4,Divorced,16771,25215,5,Y,No,20,2,4,80,1,13,2,3,17,14,3,14
37,No,Travel_Rarely,1462,Sales,29,3,Life Sciences,1,516,4,Female,75,2,3,Sales Executive,3,Single,8762,5243,0,Y,No,25,3,2,80,2,18,2,2,9,8,7,7
42,No,Travel_Rarely,1233,Research & Development,18,4,Other,1,517,2,Female,44,3,4,Laboratory Technician,4,Married,4358,5666,1,Y,No,25,3,3,80,0,40,3,4,38,37,2,35
39,No,Travel_Frequently,1251,Research & Development,5,3,Marketing,1,518,4,Male,82,3,3,Manager,1,Married,1009,19321,4,Y,No,25,3,4,80,1,35,3,3,29,25,6,23
30,No,Travel_Rarely,874,Research & Development,20,3,Human Resources,1,519,3,Female,77,3,3,Manufacturing Director,3,Married,9066,21411,4,Y,No,22,3,2,80,2,22,3,4,25,23,7,23
36,No,Non-Travel,1159,Sales,11,4,Marketing,1,520,3,Male,71,3,4,Sales Executive,3,Single,8812,20404,3,Y,No,19,3,2,80,1,10,4,3,6,6,3,5
53,Yes,Travel_Rarely,1401,Research & Development,9,4,Other,1,521,2,Male,46,4,4,Research Director,1,Married,6184,29358,1,Y,Yes,19,3,2,80,2,14,4,4,6,4,4,4
29,No,Travel_Rarely,283,Research & Development,19,3,Technical Degree,1,522,3,Female,64,4,3,Laboratory Technician,2,Divorced,3509,25586,1,Y,No,17,4,3,80,0,12,3,3,4,2,3,1
58,Yes,Travel_Frequently,1364,Research & Development,12,3,Medical,1,523,3,Female,60,1,3,Research Scientist,4,Single,3092,16632,7,Y,No,21,3,2,80,2,0,1,3,0,0,10,0
36,No,Travel_Rarely,1473,Research & Development,27,4,Life Sciences,1,524,3,Female,33,4,4,Manager,3,Divorced,15699,13732,0,Y,No,12,3,3,80,3,12,5,3,17,13,5,11
29,No,Travel_Rarely,247,Research & Development,5,3,Medical,1,525,3,Male,77,4,3,Laboratory Technician,3,Single,2496,3974,0,Y,No,17,4,3,80,0,26,5,3,12,11,9,11
26,No,Travel_Rarely,1169,Human Resources,16,4,Medical,1,526,3,Male,43,4,4,Human Resources,3,Married,4191,28094,0,Y,Yes,19,3,3,80,1,19,3,3,24,24,1,22
24,No,Travel_Rarely,600,Research & Development,26,2,Life Sciences,1,527,3,Male,54,3,2,Laboratory Technician,4,Single,3012,12861,4,Y,Yes,12,3,2,80,0,35,3,1,39,37,2,35
45,No,Travel_Rarely,904,Research & Development,25,5,Other,1,528,3,Male,75,3,5,Laboratory Technician,3,Single,5861,3258,0,Y,No,17,3,4,80,1,20,2,3,7,7,0,5
31,No,Travel_Rarely,1420,Sales,13,3,Medical,1,529,4,Male,77,4,3,Manager,4,Divorced,15616,9052,2,Y,No,22,2,3,80,1,13,4,3,9,7,3,7
48,No,Travel_Rarely,632,Research & Development,6,3,Human Resources,1,530,4,Male,69,4,3,Manufacturing Director,2,Married,11870,21494,1,Y,Yes,17,3,4,80,0,29,4,4,31,30,8,29
36,No,Non-Travel,312,Research & Development,16,4,Other,1,531,2,Male,79,3,4,Laboratory Technician,3,Married,1596,11434,0,Y,Yes,13,4,4,80,2,14,3,2,16,16,2,15
33,No,Travel_Frequently,994,Research & Development,18,4,Medical,1,532,3,Male,36,2,4,Manufacturing Director,2,Single,4953,15528,3,Y,Yes,16,3,3,80,2,40,3,4,37,34,0,34
22,No,Travel_Rarely,1356,Research & Development,17,2,Human Resources,1,533,4,Male,89,4,2,Research Scientist,4,Married,6307,21137,0,Y,No,18,3,2,80,3,17,1,3,14,13,0,12
52,No,Non-Travel,1464,Research & Development,12,4,Medical,1,534,2,Male,64,2,4,Manufacturing Director,4,Married,3775,24178,1,Y,No,20,3,3,80,1,15,2,3,14,14,2,14
29,No,Travel_Rarely,106,Research & Development,27,3,Other,1,535,4,Female,92,2,3,Manufacturing Director,3,Married,6387,21059,2,Y,No,18,3,4,80,1,40,3,1,39,37,1,37
42,No,Travel_Rarely,412,Research & Development,1,5,Medical,1,536,3,Male,49,3,5,Laboratory Technician,1,Married,5658,17008,1,Y,No,24,3,3,80,3,31,0,4,19,17,2,16
38,No,Travel_Frequently,263,Research & Development,7,4,Medical,1,537,3,Female,45,3,4,Research Scientist,3,Divorced,3199,13864,1,Y,Yes,13,4,1,80,1,11,3,4,14,13,7,11
53,No,Travel_Rarely,317,Sales,14,3,Medical,1,538,2,Female,51,3,3,Sales Executive,2,Married,3175,2419,6,Y,Yes,16,3,1,80,2,40,4,4,34,33,2,33
40,No,Travel_Rarely,887,Sales,28,4,Medical,1,539,4,Male,65,3,4,Manager,3,Married,12170,10844,6,Y,No,12,3,3,80,1,19,2,3,5,3,4,3
33,No,Travel_Rarely,937,Sales,18,3,Medical,1,540,4,Female,48,1,3,Manager,4,Single,5592,4871,1,Y,No,24,3,2,80,1,33,1,3,29,29,3,29
56,Yes,Travel_Rarely,1296,Sales,23,2,Medical,1,541,4,Male,31,2,2,Sales Executive,4,Divorced,9598,29821,1,Y,Yes,12,3,4,80,0,17,4,4,7,4,5,4
59,No,Travel_Rarely,353,Research & Development,1,5,Life Sciences,1,542,2,Male,97,2,5,Research Director,2,Married,7315,17202,1,Y,No,23,4,2,80,0,27,1,4,30,26,1,25
56,No,Travel_Frequently,1163,Sales,20,4,Human Resources,1,543,4,Male,36,3,4,Sales Executive,4,Married,4699,15101,5,Y,No,18,4,3,80,1,36,2,4,31,30,9,29
31,No,Travel_Rarely,329,Research & Development,10,3,Marketing,1,544,3,Male,76,3,3,Research Scientist,4,Single,4539,2867,2,Y,No,21,3,4,80,1,18,3,3,14,12,4,12
48,No,Travel_Rarely,1010,Sales,15,3,Medical,1,545,4,Male,78,3,3,Manager,3,Divorced,10544,18238,0,Y,Yes,20,3,4,80,2,27,4,4,17,17,1,15
22,No,Travel_Rarely,1403,Research & Development,29,3,Marketing,1,546,2,Male,72,3,3,Research Director,3,Single,10757,13179,5,Y,No,15,3,3,80,1,14,4,2,12,11,0,10
52,No,Travel_Frequently,386,Research & Development,11,5,Technical Degree,1,547,4,Female,61,3,5,Manager,4,Married,13877,26749,2,Y,Yes,15,3,2,80,0,26,3,3,23,23,0,21
40,No,Travel_Rarely,750,Sales,4,2,Human Resources,1,548,4,Female,46,3,2,Sales Representative,3,Married,2804,10004,1,Y,No,21,4,2,80,1,40,2,2,39,38,6,36
46,No,Travel_Rarely,467,Sales,15,3,Medical,1,549,2,Male,43,4,3,Sales Executive,3,Single,4560,18158,1,Y,No,14,3,3,80,0,10,4,4,13,11,4,11
60,No,Travel_Frequently,1193,Research & Development,21,3,Life Sciences,1,550,2,Female,61,3,3,Research Scientist,4,Divorced,5486,23116,0,Y,No,21,3,3,80,0,25,3,3,27,27,2,26
28,Yes,Travel_Rarely,1229,Sales,16,3,Medical,1,551,2,Male,89,4,3,Sales Representative,2,Married,2375,28135,7,Y,Yes,20,3,3,80,0,17,3,1,10,8,2,8
35,No,Travel_Rarely,1371,Research & Development,26,3,Medical,1,552,2,Male,89,3,3,Manager,4,Divorced,8871,22511,3,Y,Yes,14,3,2,80,0,11,2,3,5,5,7,5
29,No,Travel_Rarely,293,Research & Development,15,3,Other,1,553,3,Female,81,4,3,Manager,3,Divorced,12513,17613,0,Y,No,18,3,4,80,0,27,2,3,24,23,8,21
26,Yes,Travel_Rarely,745,Research & Development,17,2,Medical,1,554,4,Male,95,3,2,Manufacturing Director,3,Divorced,3371,22976,2,Y,No,13,3,1,80,0,8,2,3,0,0,4,0
27,No,Travel_Rarely,1421,Research & Development,23,3,Human Resources,1,555,2,Male,33,4,3,Research Director,1,Single,11172,4242,2,Y,No,21,3,3,80,2,37,2,1,24,20,3,18
34,No,Travel_Rarely,1269,Sales,11,5,Medical,1,556,3,Male,92,3,5,Manager,2,Divorced,12704,14815,0,Y,No,13,2,4,80,0,2,2,3,1,0,7,0
55,No,Travel_Rarely,1008,Sales,18,2,Human Resources,1,557,3,Male,62,4,2,Manager,3,Married,16038,4488,1,Y,Yes,18,3,4,80,0,40,6,4,31,28,5,28
24,No,Non-Travel,832,Sales,28,4,Life Sciences,1,558,2,Female,30,3,4,Sales Representative,3,Divorced,2549,19896,2,Y,No,13,3,3,80,3,26,2,3,12,10,2,10
30,No,Travel_Rarely,127,Research & Development,16,4,Other,1,559,3,Male,93,4,4,Manager,4,Married,16769,7616,1,Y,Yes,22,3,2,80,1,31,2,3,32,32,0,32
57,Yes,Travel_Rarely,1376,Sales,27,4,Human Resources,1,560,2,Female,66,3,4,Manager,2,Divorced,13906,21155,1,Y,Yes,12,3,4,80,0,35,2,4,31,28,6,28
59,No,Travel_Frequently,813,Research & Development,15,5,Human Resources,1,561,3,Male,99,4,5,Research Director,2,Married,9919,20027,0,Y,No,23,3,1,80,0,35,3,1,23,22,1,22
26,No,Travel_Rarely,716,Sales,29,3,Life Sciences,1,562,2,Male,36,4,3,Manager,3,Married,18540,2023,1,Y,No,21,2,4,80,1,31,5,4,26,22,0,22
44,No,Travel_Rarely,294,Research & Development,11,3,Life Sciences,1,563,4,Male,53,4,3,Laboratory Technician,3,Single,3599,4337,2,Y,No,23,3,4,80,1,4,4,3,3,3,7,3
19,No,Travel_Rarely,482,Research & Development,13,3,Marketing,1,564,2,Female,97,4,3,Research Scientist,2,Divorced,3800,21327,0,Y,No,23,3,1,80,0,31,4,4,23,19,4,18
22,Yes,Travel_Rarely,1127,Sales,18,3,Life Sciences,1,565,4,Male,84,3,3,Manager,1,Married,12445,14591,2,Y,No,15,3,4,80,0,36,4,3,22,22,8,21
46,No,Travel_Rarely,1170,Research & Development,8,4,Life Sciences,1,566,4,Female,32,3,4,Laboratory Technician,4,Married,2934,10022,1,Y,Yes,21,2,4,80,3,40,5,4,28,25,3,24
54,Yes,Travel_Rarely,1040,Research & Development,9,4,Life Sciences,1,567,3,Female,52,3,4,Research Scientist,1,Divorced,5004,6726,3,Y,No,13,3,3,80,1,38,2,2,33,30,9,29
55,No,Travel_Frequently,104,Research & Development,22,5,Medical,1,568,3,Male,65,2,5,Manufacturing Director,4,Married,11169,20100,1,Y,No,16,3,3,80,1,26,2,4,20,18,2,18
36,No,Travel_Rarely,1031,Research & Development,11,2,Medical,1,569,2,Female,86,2,2,Laboratory Technician,3,Single,3491,9094,2,Y,No,21,4,4,80,0,40,2,3,29,29,5,29
25,No,Travel_Rarely,1260,Research & Development,17,5,Life Sciences,1,570,4,Female,77,3,5,Laboratory Technician,3,Married,3594,6133,2,Y,No,17,4,3,80,0,21,2,3,25,24,2,22
18,No,Travel_Rarely,1416,Research & Development,1,3,Life Sciences,1,571,3,Female,42,4,3,Manufacturing Director,2,Married,9914,24913,3,Y,No,13,4,4,80,1,14,3,2,19,16,0,14
39,No,Travel_Frequently,379,Research & Development,11,3,Medical,1,572,4,Male,90,1,3,Laboratory Technician,4,Married,4746,2744,3,Y,No,19,3,3,80,3,19,2,4,15,13,2,12
34,No,Travel_Rarely,277,Research & Development,7,3,Marketing,1,573,1,Male,53,3,3,Manager,2,Single,10370,22561,0,Y,No,20,3,1,80,0,0,3,4,2,0,5,0
24,No,Travel_Frequently,383,Sales,8,4,Life Sciences,1,574,2,Male,72,3,4,Manager,3,Single,12620,26569,7,Y,No,11,3,2,80,3,36,2,2,36,32,1,31
42,Yes,Travel_Rarely,1245,Research & Development,19,3,Medical,1,575,3,Male,62,4,3,Laboratory Technician,2,Single,4342,7940,4,Y,Yes,24,4,1,80,0,40,2,2,39,36,3,36
21,No,Travel_Rarely,1299,Sales,25,5,Other,1,576,2,Male,53,2,5,Sales Representative,4,Married,3296,2049,2,Y,No,17,4,2,80,1,35,2,3,24,24,1,24
53,Yes,Travel_Rarely,560,Sales,4,5,Human Resources,1,577,3,Female,51,3,5,Sales Executive,4,Single,3089,25196,5,Y,Yes,14,3,1,80,0,25,4,3,22,20,0,18
23,Yes,Travel_Rarely,1052,Research & Development,4,5,Human Resources,1,578,1,Male,81,4,5,Research Scientist,3,Married,5826,8217,1,Y,Yes,17,3,3,80,1,1,3,3,0,0,4,0
48,No,Travel_Rarely,442,Sales,19,2,Other,1,579,4,Male,35,3,2,Sales Executive,2,Divorced,8098,21433,0,Y,Yes,19,3,2,80,1,40,5,4,32,31,11,31
36,No,Travel_Rarely,798,Sales,24,5,Medical,1,580,4,Female,48,4,5,Manager,4,Single,14138,12934,3,Y,Yes,19,3,4,80,2,11,4,4,14,13,2,12
56,No,Travel_Frequently,827,Human Resources,9,4,Marketing,1,581,2,Female,58,4,4,Manager,4,Married,7708,23609,6,Y,No,11,3,4,80,1,26,2,4,16,13,4,11
44,Yes,Travel_Frequently,222,Research & Development,17,2,Medical,1,582,3,Male,93,2,2,Laboratory Technician,3,Divorced,3660,9868,0,Y,No,20,4,3,80,1,32,2,3,33,31,11,31
27,No,Travel_Rarely,676,Research & Development,18,2,Marketing,1,583,3,Female,43,4,2,Laboratory Technician,4,Divorced,4385,22273,2,Y,Yes,23,3,3,80,2,30,3,4,16,14,4,12
43,No,Travel_Frequently,377,Research & Development,1,2,Life Sciences,1,584,4,Male,59,4,2,Research Scientist,3,Married,3311,9951,4,Y,Yes,22,3,2,80,0,40,3,3,40,38,5,38
36,No,Travel_Rarely,1070,Research & Development,14,1,Marketing,1,585,3,Male,50,2,1,Manager,2,Married,9766,28198,5,Y,No,14,4,3,80,1,0,2,3,3,1,1,0
56,Yes,Travel_Rarely,1088,Research & Development,4,3,Medical,1,586,1,Female,94,3,3,Research Scientist,2,Divorced,5661,13589,1,Y,Yes,17,3,3,80,0,10,2,3,12,9,3,9
20,No,Travel_Rarely,130,Research & Development,10,5,Life Sciences,1,587,2,Male,33,4,5,Research Scientist,3,Married,3599,17019,0,Y,No,20,3,4,80,1,8,3,3,3,3,2,1
30,No,Travel_Rarely,786,Sales,23,3,Technical Degree,1,588,3,Male,75,4,3,Sales Executive,3,Divorced,6562,28363,1,Y,Yes,16,3,1,80,2,20,2,4,6,3,3,1
45,Yes,Travel_Rarely,1369,Human Resources,14,3,Life Sciences,1,589,4,Male,37,2,3,Human Resources,2,Single,3792,16691,2,Y,Yes,25,2,4,80,0,11,5,3,8,8,6,7
37,No,Travel_Rarely,422,Research & Development,7,5,Life Sciences,1,590,4,Male,47,4,5,Laboratory Technician,2,Divorced,5410,26019,6,Y,No,19,3,4,80,3,24,3,4,22,18,3,18
45,No,Non-Travel,744,Research & Development,12,3,Life Sciences,1,591,2,Male,89,3,3,Manufacturing Director,3,Married,9249,24159,2,Y,No,23,3,3,80,3,34,2,4,32,28,0,27
25,No,Travel_Rarely,453,Research & Development,22,5,Medical,1,592,4,Male,74,4,5,Research Director,2,Married,9233,21739,6,Y,No,17,2,2,80,1,31,2,3,32,32,9,30
58,Yes,Travel_Frequently,633,Sales,29,3,Life Sciences,1,593,4,Female,60,4,3,Sales Executive,1,Single,6071,27589,4,Y,Yes,25,3,3,80,0,25,3,3,19,16,3,15
56,No,Travel_Rarely,1206,Sales,27,4,Human Resources,1,594,1,Female,57,3,4,Sales Executive,4,Married,4420,10345,2,Y,No,13,3,3,80,2,0,3,3,3,2,9,2
18,Yes,Travel_Rarely,1418,Research & Development,16,3,Medical,1,595,4,Male,93,4,3,Manufacturing Director,2,Single,7735,13093,0,Y,No,17,3,3,80,3,9,3,2,0,0,4,0
20,No,Non-Travel,395,Research & Development,5,4,Medical,1,596,3,Male,66,4,4,Laboratory Technician,2,Divorced,4198,8261,1,Y,Yes,20,2,3,80,0,40,3,4,33,32,0,31
30,No,Travel_Rarely,559,Research & Development,11,2,Medical,1,597,4,Male,96,3,2,Research Director,3,Divorced,7570,20698,0,Y,Yes,24,3,2,80,3,26,3,4,26,23,3,21
45,No,Non-Travel,848,Research & Development,4,4,Marketing,1,598,3,Male,97,4,4,Manufacturing Director,4,Single,8253,21840,1,Y,Yes,15,3,2,80,3,24,2,3,20,18,4,16
42,No,Travel_Rarely,834,Research & Development,28,3,Technical Degree,1,599,4,Female,64,2,3,Research Director,3,Divorced,8897,17172,0,Y,No,24,3,1,80,1,31,5,4,23,21,1,20
50,No,Non-Travel,1185,Sales,13,5,Marketing,1,600,2,Male,65,4,5,Manager,2,Divorced,16968,28878,0,Y,Yes,12,3,2,80,2,16,2,3,14,10,3,10
55,No,Travel_Rarely,644,Human Resources,8,3,Technical Degree,1,601,4,Male,86,4,3,Manager,4,Married,9707,25792,1,Y,No,20,3,2,80,1,31,0,3,34,30,3,30
23,No,Travel_Rarely,481,Sales,7,2,Other,1,602,2,Female,99,3,2,Sales Representative,3,Married,3699,22650,2,Y,Yes,13,3,2,80,1,37,2,3,24,24,4,24
49,No,Travel_Rarely,425,Sales,11,4,Other,1,603,3,Female,33,4,4,Sales Representative,3,Single,4254,10808,1,Y,Yes,16,3,2,80,0,14,1,2,8,7,1,7
38,No,Travel_Frequently,1187,Research & Development,11,2,Marketing,1,604,4,Female,78,3,2,Manager,3,Single,10642,21433,3,Y,Yes,23,4,4,80,0,22,2,2,16,14,4,12
33,No,Travel_Rarely,1046,Research & Development,26,4,Life Sciences,1,605,4,Male,68,4,4,Research Scientist,3,Single,3705,23027,2,Y,No,16,4,4,80,2,29,3,3,20,17,1,17
38,Yes,Non-Travel,1271,Sales,17,5,Marketing,1,606,3,Male,47,2,5,Sales Executive,3,Divorced,8937,7304,3,Y,Yes,17,3,3,80,0,13,0,1,12,12,2,11
28,Yes,Travel_Rarely,944,Sales,22,4,Medical,1,607,3,Male,89,2,4,Manager,4,Single,5587,20309,3,Y,No,16,1,3,80,1,0,4,2,2,0,0,0
54,No,Travel_Rarely,463,Research & Development,14,1,Technical Degree,1,608,1,Male,39,4,1,Manager,3,Divorced,13550,8845,3,Y,No,19,3,4,80,3,6,3,2,3,1,0,0
53,No,Travel_Rarely,154,Research & Development,2,4,Other,1,609,2,Female,52,4,4,Manufacturing Director,4,Married,4219,8810,6,Y,No,24,2,3,80,0,13,2,1,3,1,2,0
52,No,Travel_Rarely,503,Research & Development,20,4,Technical Degree,1,610,4,Female,97,3,4,Manufacturing Director,3,Married,10933,17228,1,Y,No,15,3,2,80,0,34,2,2,27,25,1,25
36,No,Travel_Rarely,782,Research & Development,21,4,Other,1,611,3,Female,88,4,4,Research Scientist,2,Divorced,4159,4457,1,Y,No,25,3,4,80,1,4,2,3,6,4,2,2
37,No,Travel_Rarely,1094,Research & Development,8,2,Life Sciences,1,612,3,Female,36,4,2,Laboratory Technician,3,Divorced,3404,8882,0,Y,No,15,4,3,80,0,28,2,4,25,22,11,22
35,No,Travel_Frequently,970,Research & Development,22,3,Life Sciences,1,613,4,Male,42,4,3,Research Scientist,1,Married,3522,26204,2,Y,No,18,4,3,80,2,22,0,2,10,10,3,8
58,Yes,Travel_Rarely,808,Research & Development,27,3,Life Sciences,1,614,3,Female,32,3,3,Manager,2,Married,6302,28187,1,Y,Yes,18,3,4,80,1,32,0,2,23,21,3,21
31,No,Travel_Rarely,1208,Research & Development,2,2,Other,1,615,1,Male,69,3,2,Manufacturing Director,4,Married,11038,6241,2,Y,Yes,11,3,3,80,1,18,2,4,9,5,10,3
32,No,Travel_Rarely,480,Sales,21,3,Other,1,616,3,Male,40,3,3,Manager,3,Single,11384,21493,0,Y,No,13,3,4,80,0,36,1,1,36,36,9,35
48,No,Non-Travel,747,Research & Development,15,3,Marketing,1,617,4,Male,80,4,3,Manufacturing Director,2,Single,15701,12729,2,Y,No,23,2,3,80,0,17,0,4,12,8,8,7
18,No,Travel_Rarely,1034,Sales,5,4,Technical Degree,1,618,4,Male,52,3,4,Manager,3,Married,9083,14549,2,Y,No,16,4,3,80,0,40,4,2,38,35,0,33
20,Yes,Travel_Rarely,182,Research & Development,6,5,Technical Degree,1,619,3,Male,61,4,5,Research Scientist,2,Married,3626,7245,1,Y,Yes,16,3,3,80,0,29,2,3,18,16,4,14
33,No,Travel_Rarely,832,Sales,17,4,Human Resources,1,620,1,Female,70,4,4,Sales Representative,4,Married,2192,11819,2,Y,No,11,2,4,80,1,29,3,2,18,18,6,16
40,No,Travel_Frequently,615,Research & Development,8,3,Other,1,621,3,Male,71,3,3,Research Scientist,1,Married,4262,26347,5,Y,No,12,3,1,80,1,23,1,3,11,9,7,8
28,No,Non-Travel,1434,Human Resources,19,3,Marketing,1,622,4,Male,67,3,3,Human Resources,3,Married,8099,6440,4,Y,No,20,3,3,80,0,19,0,4,21,19,4,18
29,No,Non-Travel,1022,Research & Development,5,5,Marketing,1,623,2,Male,96,4,5,Manufacturing Director,3,Married,10424,9610,1,Y,No,17,2,4,80,0,40,3,2,36,36,0,36
27,No,Non-Travel,864,Human Resources,23,5,Life Sciences,1,624,3,Female,71,4,5,Manager,3,Married,6583,3998,5,Y,No,11,3,3,80,1,25,1,4,29,27,12,25
49,No,Travel_Rarely,595,Sales,19,5,Marketing,1,625,4,Male,72,2,5,Manager,2,Divorced,16334,29502,0,Y,Yes,20,3,2,80,2,7,0,3,11,9,3,7
33,No,Travel_Rarely,1361,Research & Development,14,4,Medical,1,626,3,Female,62,4,4,Manager,3,Married,14458,19515,1,Y,No,15,3,2,80,1,32,3,4,28,27,2,25
25,No,Travel_Rarely,1042,Research & Development,10,3,Life Sciences,1,627,3,Male,66,3,3,Manager,4,Divorced,13732,3992,0,Y,No,11,3,4,80,0,17,0,2,20,19,2,18
55,No,Travel_Rarely,1162,Research & Development,13,4,Technical Degree,1,628,3,Female,86,4,4,Laboratory Technician,4,Single,2781,15868,6,Y,No,16,2,4,80,3,12,2,2,10,10,2,8
29,No,Travel_Rarely,842,Research & Development,22,3,Medical,1,629,2,Male,93,4,3,Manager,4,Married,9804,26431,0,Y,No,25,3,3,80,3,40,2,3,36,36,1,34
41,No,Travel_Rarely,426,Research & Development,5,3,Human Resources,1,630,2,Female,93,3,3,Research Director,4,Married,10411,17796,0,Y,No,17,3,3,80,0,18,2,2,17,15,2,14
45,No,Travel_Rarely,1181,Research & Development,7,4,Life Sciences,1,631,4,Female,89,3,4,Manager,2,Married,10008,27089,6,Y,Yes,18,4,2,80,1,32,0,4,26,22,13,20
25,No,Travel_Rarely,1246,Research & Development,10,2,Medical,1,632,2,Male,81,4,2,Manager,1,Married,16725,7040,2,Y,Yes,23,1,3,80,1,40,5,3,36,36,2,36
45,No,Travel_Rarely,415,Research & Development,11,1,Medical,1,633,3,Male,97,3,1,Manager,4,Divorced,9854,19096,4,Y,No,22,3,3,80,3,20,3,4,11,9,3,8
53,Yes,Travel_Rarely,1336,Research & Development,3,3,Life Sciences,1,634,3,Male,56,4,3,Research Director,4,Single,4159,29737,0,Y,No,13,4,4,80,1,30,3,2,22,18,7,17
43,No,Travel_Frequently,204,Research & Development,13,3,Medical,1,635,4,Male,88,3,3,Manager,3,Married,7314,2214,1,Y,No,24,4,4,80,3,40,3,3,33,32,3,31
25,No,Travel_Rarely,540,Research & Development,2,5,Life Sciences,1,636,4,Male,48,4,5,Research Director,3,Married,6286,7746,8,Y,No,24,4,4,80,0,40,4,3,37,37,2,37
45,No,Non-Travel,918,Research & Development,4,2,Life Sciences,1,637,1,Female,32,4,2,Laboratory Technician,3,Single,3223,27179,2,Y,No,13,2,2,80,0,19,3,4,22,20,3,19
45,No,Travel_Rarely,848,Research & Development,3,2,Life Sciences,1,638,4,Male,68,4,2,Research Scientist,2,Single,4791,25365,4,Y,Yes,21,3,3,80,2,36,4,3,24,23,0,22
54,No,Travel_Rarely,139,Research & Development,15,2,Life Sciences,1,639,3,Male,95,3,2,Laboratory Technician,3,Single,3556,5769,7,Y,Yes,11,3,1,80,2,3,2,4,3,0,0,0
58,No,Travel_Rarely,914,Sales,4,1,Technical Degree,1,640,3,Male,85,3,1,Sales Executive,4,Single,7967,6867,3,Y,Yes,22,4,2,80,2,40,2,4,29,28,5,27
53,No,Travel_Rarely,1349,Research & Development,23,2,Life Sciences,1,641,4,Male,35,4,2,Laboratory Technician,3,Single,3235,27245,1,Y,No,13,2,2,80,3,37,4,4,29,27,9,27
44,No,Travel_Frequently,1118,Research & Development,21,4,Marketing,1,642,2,Female,57,3,4,Research Scientist,2,Single,4207,19464,1,Y,No,15,2,3,80,2,20,4,3,12,8,5,6
34,No,Travel_Rarely,1418,Research & Development,4,3,Technical Degree,1,643,4,Male,77,4,3,Research Scientist,2,Married,6865,11617,0,Y,No,16,3,4,80,1,27,1,3,13,10,0,8
26,No,Travel_Frequently,256,Sales,15,4,Medical,1,644,3,Female,77,4,4,Manager,1,Married,16339,12461,1,Y,No,13,2,3,80,1,14,3,2,7,4,2,3
50,No,Travel_Rarely,1157,Sales,6,5,Human Resources,1,645,3,Female,96,3,5,Sales Executive,3,Married,7857,18858,6,Y,No,14,3,4,80,1,20,3,4,23,20,0,20
37,No,Travel_Rarely,1359,Sales,23,4,Technical Degree,1,646,3,Female,83,3,4,Sales Executive,4,Divorced,8925,11323,2,Y,No,15,4,2,80,1,24,1,4,17,17,3,16
30,No,Travel_Rarely,590,Sales,28,2,Technical Degree,1,647,2,Female,45,2,2,Manager,4,Married,5065,19246,6,Y,No,15,3,3,80,1,30,5,1,34,32,1,30
45,No,Travel_Rarely,1458,Research & Development,27,2,Life Sciences,1,648,3,Male,64,3,2,Manager,4,Married,9038,11003,4,Y,No,19,3,3,80,1,27,3,3,24,21,8,19
46,Yes,Travel_Rarely,1142,Research & Development,5,5,Technical Degree,1,649,1,Female,59,4,5,Manager,3,Divorced,10444,16515,8,Y,Yes,18,4,2,80,0,23,3,4,16,15,0,15
30,No,Travel_Rarely,341,Research & Development,12,3,Other,1,650,3,Male,77,4,3,Manufacturing Director,3,Married,6054,6272,6,Y,No,11,2,4,80,0,33,1,2,31,27,0,25
52,No,Travel_Frequently,1411,Sales,7,4,Medical,1,651,4,Male,98,1,4,Sales Executive,4,Married,3753,10678,3,Y,No,12,3,3,80,3,33,2,2,23,21,3,20
23,No,Travel_Rarely,447,Sales,3,5,Life Sciences,1,652,4,Female,37,4,5,Sales Executive,3,Married,7883,16749,5,Y,Yes,22,3,4,80,0,3,1,4,6,5,1,5
35,No,Travel_Rarely,117,Sales,7,5,Medical,1,653,2,Female,80,1,5,Manager,4,Single,16988,27267,3,Y,No,25,2,3,80,0,19,2,4,12,12,5,10
22,No,Non-Travel,688,Research & Development,12,5,Technical Degree,1,654,3,Female,39,3,5,Manufacturing Director,4,Married,7969,21492,3,Y,No,15,2,2,80,1,24,2,4,26,23,9,22
42,No,Travel_Rarely,1051,Sales,15,4,Medical,1,655,3,Male,57,2,4,Sales Representative,2,Married,3583,29198,3,Y,No,22,3,2,80,0,16,4,2,4,3,0,3
19,No,Travel_Rarely,361,Research & Development,19,3,Technical Degree,1,656,3,Male,65,4,3,Manager,3,Married,11846,18651,3,Y,No,13,4,4,80,1,31,3,3,35,33,2,32
27,Yes,Travel_Rarely,462,Research & Development,6,5,Life Sciences,1,657,2,Female,89,4,5,Laboratory Technician,3,Single,3036,27360,1,Y,Yes,17,4,1,80,0,39,2,3,25,24,14,22
47,No,Non-Travel,561,Research & Development,8,3,Technical Degree,1,658,4,Male,39,4,3,Manager,2,Divorced,15309,22257,1,Y,No,24,3,4,80,0,39,0,3,30,30,5,29
22,No,Travel_Rarely,1032,Research & Development,29,2,Life Sciences,1,659,2,Female,43,3,2,Research Scientist,3,Married,2571,13163,1,Y,No,21,2,3,80,2,20,3,3,9,5,11,5
50,No,Travel_Rarely,1210,Research & Development,6,4,Life Sciences,1,660,4,Female,92,3,4,Manufacturing Director,4,Married,3527,8531,0,Y,No,16,2,2,80,2,29,2,4,25,22,1,21
18,No,Non-Travel,1188,Sales,26,4,Marketing,1,661,3,Male,76,4,4,Sales Executive,4,Divorced,3971,20785,2,Y,No,12,3,3,80,0,16,6,4,21,19,1,17
35,No,Travel_Frequently,201,Research & Development,27,5,Life Sciences,1,662,4,Male,98,3,5,Research Director,2,Married,12560,23293,5,Y,No,18,3,2,80,2,11,4,3,11,8,1,8
49,No,Travel_Rarely,856,Research & Development,3,4,Life Sciences,1,663,2,Male,85,3,4,Manager,3,Divorced,12313,29917,3,Y,Yes,15,2,1,80,1,28,4,2,31,28,2,28
28,No,Travel_Frequently,396,Research & Development,28,3,Life Sciences,1,664,4,Male,35,4,3,Research Scientist,3,Married,5008,29647,0,Y,No,16,3,4,80,2,39,0,2,26,23,5,21
38,No,Travel_Frequently,1287,Research & Development,5,5,Medical,1,665,2,Female,48,3,5,Laboratory Technician,3,Single,5260,20700,4,Y,No,18,3,3,80,1,33,4,3,32,31,1,30
43,No,Travel_Rarely,1030,Sales,9,4,Other,1,666,4,Male,81,1,4,Sales Representative,3,Married,1952,26560,6,Y,No,23,3,3,80,0,26,1,2,19,18,3,17
42,No,Travel_Rarely,1303,Sales,24,4,Other,1,667,3,Female,91,3,4,Sales Executive,3,Married,9528,25993,4,Y,No,16,3,2,80,2,40,3,3,38,34,1,32
39,No,Travel_Frequently,429,Sales,16,3,Medical,1,668,3,Male,78,4,3,Sales Executive,3,Married,6167,17664,3,Y,No,20,3,1,80,1,40,2,3,40,40,7,40
44,No,Travel_Rarely,1453,Sales,22,3,Life Sciences,1,669,2,Female,40,4,3,Sales Representative,2,Divorced,2506,19585,0,Y,No,13,3,3,80,0,34,3,4,39,37,0,35
30,No,Travel_Rarely,865,Sales,16,4,Medical,1,670,1,Male,75,1,4,Manager,3,Married,12292,23570,1,Y,Yes,23,2,3,80,1,20,1,3,12,11,1,11
50,No,Travel_Frequently,1167,Research & Development,9,2,Technical Degree,1,671,4,Male,98,3,2,Research Scientist,3,Married,4820,18660,2,Y,No,17,4,4,80,2,10,2,3,13,10,4,10
51,No,Non-Travel,343,Sales,18,3,Medical,1,672,3,Male,74,3,3,Sales Representative,2,Divorced,2810,23711,0,Y,No,24,3,3,80,1,40,0,4,39,39,0,38
58,No,Travel_Rarely,1467,Research & Development,13,4,Life Sciences,1,673,3,Female,87,3,4,Research Director,2,Married,11830,26882,0,Y,Yes,14,3,4,80,0,16,0,3,21,19,3,17
52,No,Travel_Rarely,1216,Research & Development,11,3,Life Sciences,1,674,2,Female,61,4,3,Research Scientist,3,Married,4615,19014,6,Y,Yes,23,3,2,80,2,27,3,4,17,15,2,15
18,No,Travel_Rarely,1153,Research & Development,25,3,Technical Degree,1,675,2,Female,39,2,3,Laboratory Technician,4,Divorced,3290,20969,3,Y,No,16,3,1,80,3,32,5,3,28,26,7,25
38,No,Travel_Rarely,560,Sales,10,2,Medical,1,676,4,Male,42,3,2,Manager,4,Single,10501,25045,1,Y,No,16,3,2,80,1,22,4,4,15,13,4,11
23,No,Non-Travel,768,Sales,29,3,Other,1,677,4,Male,42,4,3,Sales Representative,3,Married,3214,25825,1,Y,Yes,21,3,4,80,1,32,2,3,34,30,4,28
45,Yes,Travel_Rarely,321,Research & Development,10,4,Life Sciences,1,678,3,Male,65,3,4,Manager,3,Divorced,7116,9400,1,Y,Yes,15,3,4,80,1,36,1,3,33,31,11,31
34,Yes,Travel_Rarely,960,Sales,6,3,Life Sciences,1,679,3,Male,48,4,3,Manager,1,Married,8131,3137,0,Y,Yes,23,3,2,80,0,10,0,3,2,2,13,2
22,Yes,Non-Travel,365,Sales,16,1,Medical,1,680,4,Male,36,3,1,Sales Representative,3,Married,2669,28757,3,Y,Yes,11,3,1,80,2,1,1,4,3,2,4,2
48,No,Travel_Rarely,222,Research & Development,25,4,Medical,1,681,4,Female,44,3,4,Research Director,4,Married,11634,8968,0,Y,No,24,2,4,80,2,8,5,3,4,4,3,2
22,No,Travel_Rarely,1171,Research & Development,12,5,Life Sciences,1,682,1,Female,75,3,5,Research Scientist,3,Married,7392,3713,4,Y,No,18,2,4,80,1,11,2,2,9,6,4,6
55,No,Travel_Rarely,1405,Sales,4,4,Life Sciences,1,683,4,Female,77,3,4,Manager,3,Divorced,11426,11240,4,Y,No,23,3,4,80,0,25,4,3,28,24,2,22
20,No,Travel_Rarely,1240,Research & Development,5,2,Life Sciences,1,684,3,Female,95,4,2,Manager,2,Single,5612,11775,2,Y,No,24,3,2,80,0,32,3,3,31,27,13,26
40,No,Travel_Rarely,1293,Research & Development,2,3,Life Sciences,1,685,4,Male,33,4,3,Research Scientist,4,Single,3433,5351,3,Y,No,20,3,3,80,1,34,3,3,30,27,5,25
54,No,Travel_Rarely,536,Research & Development,19,5,Medical,1,686,3,Male,32,3,5,Laboratory Technician,4,Single,4191,10093,0,Y,No,12,3,4,80,0,0,5,4,1,1,1,1
54,No,Travel_Rarely,1371,Research & Development,1,3,Human Resources,1,687,3,Male,32,4,3,Laboratory Technician,2,Married,2481,15100,2,Y,No,14,2,2,80,1,7,2,4,11,11,0,9
27,No,Non-Travel,585,Sales,4,4,Medical,1,688,3,Female,98,4,4,Sales Executive,4,Married,4257,12026,3,Y,No,23,3,3,80,1,35,2,3,26,23,0,23
27,No,Travel_Rarely,381,Sales,12,3,Marketing,1,689,3,Male,57,2,3,Sales Representative,1,Divorced,3588,8215,3,Y,No,22,3,3,80,0,7,4,2,4,2,1,1
36,No,Travel_Rarely,1147,Sales,2,3,Medical,1,690,3,Male,52,3,3,Manager,3,Married,13673,17353,0,Y,No,13,2,2,80,1,40,3,3,36,34,1,34
34,No,Travel_Rarely,815,Sales,12,4,Medical,1,691,4,Male,59,3,4,Sales Representative,2,Married,1674,11143,1,Y,No,16,3,4,80,1,37,2,3,26,25,2,25
38,Yes,Travel_Rarely,169,Sales,16,4,Life Sciences,1,692,3,Male,91,4,4,Sales Executive,2,Single,5120,28608,1,Y,Yes,21,4,4,80,1,23,2,4,22,22,1,22
31,No,Travel_Rarely,844,Sales,2,4,Medical,1,693,1,Female,80,2,4,Manager,1,Married,16480,19608,2,Y,Yes,11,2,3,80,0,40,4,4,32,32,4,32
26,No,Non-Travel,1183,Research & Development,17,3,Medical,1,694,1,Female,70,3,3,Manufacturing Director,4,Married,10046,23829,3,Y,No,19,4,2,80,0,15,0,3,3,0,1,0
18,Yes,Travel_Rarely,1389,Research & Development,26,2,Life Sciences,1,695,4,Male,93,3,2,Laboratory Technician,4,Single,2242,10224,2,Y,No,15,3,4,80,2,29,5,2,20,17,1,17
30,No,Travel_Rarely,1123,Research & Development,28,4,Technical Degree,1,696,4,Female,72,4,4,Laboratory Technician,1,Single,1411,18480,3,Y,No,15,3,2,80,2,35,0,4,23,21,3,20
21,No,Travel_Rarely,392,Sales,2,4,Medical,1,697,4,Female,87,4,4,Sales Executive,3,Single,7563,6358,0,Y,No,14,2,2,80,2,36,3,2,30,30,8,29
18,No,Travel_Rarely,270,Research & Development,4,3,Medical,1,698,3,Male,88,3,3,Manager,2,Single,10934,17209,5,Y,No,14,3,3,80,0,25,3,1,23,23,3,21
57,No,Travel_Frequently,657,Research & Development,6,2,Life Sciences,1,699,3,Male,69,3,2,Research Scientist,2,Married,4745,15201,2,Y,No,23,3,3,80,0,5,3,4,9,5,2,5
49,No,Non-Travel,454,Research & Development,29,2,Medical,1,700,2,Male,75,4,2,Research Scientist,4,Single,5356,5141,0,Y,No,25,3,1,80,1,0,2,3,1,0,4,0
51,No,Travel_Rarely,1365,Sales,28,5,Technical Degree,1,701,4,Male,91,3,5,Sales Executive,1,Married,4991,26364,2,Y,Yes,23,4,3,80,3,29,4,4,30,29,1,28
45,No,Travel_Frequently,384,Sales,23,4,Life Sciences,1,702,2,Female,78,3,4,Sales Executive,3,Divorced,6092,16628,2,Y,No,11,3,1,80,3,19,3,3,24,22,2,21
48,No,Travel_Rarely,1191,Research & Development,7,5,Life Sciences,1,703,3,Male,52,4,5,Research Scientist,3,Married,3286,29353,1,Y,No,19,3,4,80,2,1,4,1,3,3,1,3
25,No,Travel_Rarely,1452,Sales,23,3,Medical,1,704,4,Female,73,4,3,Manager,2,Divorced,8892,13470,3,Y,No,19,2,4,80,0,10,1,3,10,6,4,6
56,No,Travel_Frequently,557,Research & Development,15,5,Life Sciences,1,705,4,Male,73,3,5,Research Scientist,3,Married,5262,18555,6,Y,No,23,2,4,80,2,23,0,3,16,16,5,14
43,No,Travel_Rarely,1060,Research & Development,20,2,Marketing,1,706,1,Male,48,3,2,Manufacturing Director,4,Married,8345,23237,1,Y,No,14,4,3,80,3,14,0,3,1,0,5,0
51,No,Travel_Rarely,1106,Sales,12,3,Marketing,1,707,3,Male,73,4,3,Sales Executive,4,Divorced,3717,15567,2,Y,No,20,2,2,80,0,10,1,4,5,3,1,1
20,No,Travel_Rarely,578,Research & Development,5,4,Life Sciences,1,708,3,Male,40,4,4,Laboratory Technician,2,Single,4261,27476,0,Y,No,20,3,4,80,1,15,3,4,8,7,6,5
29,No,Travel_Rarely,386,Human Resources,14,3,Life Sciences,1,709,3,Male,89,4,3,Manager,4,Divorced,10739,10933,6,Y,No,14,3,4,80,1,6,2,3,4,4,1,2
18,No,Travel_Rarely,132,Research & Development,16,3,Marketing,1,710,1,Female,67,4,3,Manager,4,Single,14776,23815,1,Y,No,22,4,2,80,0,20,4,4,19,17,1,17
22,No,Travel_Frequently,549,Research & Development,11,2,Life Sciences,1,711,4,Male,32,3,2,Research Director,2,Married,6955,9537,0,Y,No,17,3,3,80,1,35,1,4,28,27,2,26
47,No,Travel_Rarely,315,Sales,12,2,Life Sciences,1,712,3,Female,45,4,2,Sales Representative,2,Single,2166,29190,2,Y,No,14,4,3,80,3,15,2,4,20,20,4,18
47,No,Travel_Rarely,1150,Research & Development,19,4,Technical Degree,1,713,4,Male,38,2,4,Manufacturing Director,2,Married,8604,12114,0,Y,No,11,3,3,80,3,8,4,4,8,4,0,3
34,No,Travel_Rarely,1498,Human Resources,17,4,Life Sciences,1,714,2,Male,70,4,4,Human Resources,3,Married,3690,12889,1,Y,No,21,4,3,80,3,28,5,3,27,25,4,24
40,No,Travel_Rarely,498,Human Resources,24,4,Medical,1,715,2,Male,67,4,4,Human Resources,3,Married,5046,26966,0,Y,No,25,2,4,80,1,17,5,3,7,7,8,5
32,No,Travel_Frequently,438,Research & Development,26,4,Life Sciences,1,716,4,Male,98,3,4,Manager,2,Married,7643,2958,0,Y,No,23,3,2,80,1,39,4,4,30,29,1,27
54,No,Non-Travel,1037,Research & Development,27,4,Marketing,1,717,4,Male,94,4,4,Laboratory Technician,1,Married,3089,23054,0,Y,No,19,2,3,80,2,33,3,3,19,18,3,18
38,No,Non-Travel,1069,Research & Development,7,1,Life Sciences,1,718,4,Male,64,2,1,Research Scientist,2,Single,4456,10535,5,Y,Yes,12,3,4,80,1,22,5,4,26,22,1,21
31,No,Travel_Rarely,956,Research & Development,9,2,Human Resources,1,719,4,Male,64,1,2,Laboratory Technician,3,Married,3516,5481,6,Y,No,15,3,3,80,0,17,3,3,7,5,2,3
19,No,Non-Travel,1004,Research & Development,14,5,Technical Degree,1,720,2,Male,77,3,5,Research Scientist,3,Divorced,4007,19953,2,Y,No,14,2,4,80,2,31,5,2,20,18,0,16
28,Yes,Travel_Rarely,773,Research & Development,26,2,Life Sciences,1,721,2,Male,37,4,2,Research Scientist,3,Married,4950,9931,2,Y,No,18,2,1,80,0,36,0,3,27,27,11,26
56,No,Travel_Rarely,1405,Research & Development,20,4,Medical,1,722,2,Male,56,3,4,Manager,1,Divorced,12532,10647,3,Y,No,16,3,4,80,0,19,5,2,22,21,2,19
55,No,Travel_Frequently,870,Research & Development,12,3,Medical,1,723,4,Female,38,3,3,Research Scientist,3,Divorced,4379,23926,1,Y,No,25,3,2,80,0,3,3,1,5,4,6,3
51,No,Travel_Rarely,724,Human Resources,15,4,Medical,1,724,3,Female,59,4,4,Human Resources,2,Married,4467,10635,1,Y,No,17,3,4,80,3,8,1,4,2,0,0,0
55,No,Travel_Rarely,660,Sales,12,4,Other,1,725,2,Male,43,3,4,Manager,4,Married,15845,14484,3,Y,No,12,2,2,80,0,3,2,3,4,0,7,0
51,No,Non-Travel,649,Sales,21,3,Marketing,1,726,2,Male,52,4,3,Sales Representative,3,Single,3347,13107,1,Y,Yes,14,3,3,80,1,19,4,3,8,6,8,4
35,Yes,Travel_Frequently,1024,Research & Development,21,3,Life Sciences,1,727,4,Female,58,3,3,Manufacturing Director,1,Single,5513,28986,2,Y,Yes,24,3,3,80,3,6,3,3,6,5,5,3
47,Yes,Travel_Rarely,1323,Sales,29,4,Marketing,1,728,4,Female,55,3,4,Sales Executive,1,Single,8362,5481,2,Y,No,14,3,3,80,1,7,6,3,3,3,9,3
32,No,Travel_Frequently,655,Research & Development,23,3,Life Sciences,1,729,4,Male,44,3,3,Laboratory Technician,2,Married,4419,26315,2,Y,Yes,22,3,2,80,0,40,1,2,38,35,1,34
44,No,Travel_Frequently,580,Sales,13,3,Technical Degree,1,730,3,Female,96,4,3,Sales Executive,2,Married,6828,24077,4,Y,No,23,3,4,80,1,8,2,4,4,4,3,4
51,No,Non-Travel,945,Human Resources,9,4,Marketing,1,731,3,Male,45,2,4,Manager,3,Married,11945,3417,3,Y,No,12,4,3,80,0,10,2,4,10,6,4,4
55,No,Travel_Rarely,171,Research & Development,24,2,Life Sciences,1,732,2,Male,42,2,2,Laboratory Technician,4,Married,1338,24240,7,Y,No,20,3,4,80,0,14,3,4,14,14,4,13
50,No,Travel_Frequently,606,Sales,7,5,Life Sciences,1,733,2,Female,53,4,5,Sales Representative,2,Married,2240,9676,4,Y,No,14,3,2,80,3,40,3,2,33,32,8,31
41,No,Travel_Frequently,211,Sales,1,3,Technical Degree,1,734,1,Male,91,4,3,Sales Executive,3,Married,8771,9011,0,Y,No,19,3,4,80,0,21,3,3,12,10,1,8
32,No,Travel_Rarely,498,Sales,28,2,Technical Degree,1,735,2,Female,86,2,2,Manager,4,Married,9182,25093,3,Y,No,18,2,3,80,2,4,0,4,6,3,1,1
47,No,Travel_Rarely,452,Sales,10,4,Medical,1,736,3,Female,65,4,4,Manager,3,Single,11424,19054,3,Y,No,21,4,4,80,1,40,1,2,39,37,1,35
59,Yes,Travel_Rarely,1096,Research & Development,29,3,Life Sciences,1,737,4,Male,89,4,3,Laboratory Technician,1,Single,2598,23797,2,Y,Yes,24,3,3,80,0,7,0,2,5,2,8,0
34,No,Travel_Rarely,890,Research & Development,6,3,Medical,1,738,2,Male,51,3,3,Manager,2,Married,12830,24385,2,Y,No,11,3,2,80,1,39,4,4,38,35,10,34
22,No,Non-Travel,522,Research & Development,26,3,Life Sciences,1,739,4,Male,32,3,3,Manager,4,Married,13417,20668,0,Y,No,23,4,3,80,0,40,2,4,29,28,3,28
46,No,Travel_Rarely,1023,Sales,15,3,Life Sciences,1,740,3,Male,65,3,3,Sales Representative,4,Married,3378,14748,7,Y,Yes,18,2,4,80,0,32,2,3,21,20,3,19
21,No,Travel_Rarely,212,Research & Development,15,3,Life Sciences,1,741,3,Female,65,3,3,Research Scientist,1,Married,2961,23824,5,Y,No,24,3,4,80,1,31,2,2,24,20,4,19
27,No,Travel_Frequently,310,Sales,9,2,Life Sciences,1,742,3,Male,39,4,2,Manager,2,Married,12384,10291,2,Y,No,21,4,4,80,0,36,4,3,27,23,4,22
34,No,Travel_Rarely,1303,Research & Development,13,3,Medical,1,743,3,Male,50,2,3,Manufacturing Director,4,Single,11783,21171,0,Y,No,19,3,1,80,2,15,0,3,19,16,1,15
27,No,Travel_Rarely,1032,Research & Development,23,3,Human Resources,1,744,2,Female,78,3,3,Laboratory Technician,3,Single,4285,26241,4,Y,Yes,18,1,3,80,0,40,1,3,38,34,5,32
34,No,Travel_Rarely,526,Research & Development,1,4,Marketing,1,745,4,Male,38,3,4,Research Director,4,Married,10279,18791,1,Y,No,24,3,4,80,1,9,3,3,2,1,3,1
37,Yes,Travel_Rarely,429,Sales,9,4,Life Sciences,1,746,4,Female,81,3,4,Manager,2,Married,5048,2977,1,Y,No,25,1,2,80,2,16,5,3,4,0,3,0
41,No,Non-Travel,112,Research & Development,3,3,Medical,1,747,4,Male,77,3,3,Research Scientist,4,Married,4163,17793,3,Y,No,20,4,1,80,1,5,3,4,0,0,0,0
22,No,Travel_Frequently,1377,Research & Development,9,4,Medical,1,748,3,Female,89,4,4,Manager,4,Divorced,17926,29374,3,Y,No,11,2,4,80,3,21,2,4,14,12,6,12
51,No,Travel_Rarely,957,Research & Development,20,4,Life Sciences,1,749,4,Male,79,3,4,Laboratory Technician,2,Married,4884,23937,0,Y,No,18,3,3,80,1,38,3,3,25,25,7,23
23,No,Non-Travel,1360,Research & Development,25,4,Human Resources,1,750,3,Male,68,3,4,Manufacturing Director,3,Married,9107,26718,3,Y,Yes,22,3,4,80,3,1,5,2,2,0,4,0
19,No,Travel_Rarely,355,Research & Development,29,4,Medical,1,751,4,Male,45,2,4,Research Director,1,Single,7842,25836,3,Y,No,15,3,3,80,0,36,3,3,39,38,5,36
30,No,Travel_Rarely,230,Sales,15,3,Human Resources,1,752,3,Male,57,4,3,Sales Executive,3,Married,7109,29652,2,Y,Yes,19,4,4,80,3,40,2,2,40,38,3,37
60,No,Travel_Rarely,201,Research & Development,24,5,Medical,1,753,4,Female,35,3,5,Research Scientist,3,Married,5544,10911,1,Y,Yes,24,3,4,80,1,40,2,3,33,32,4,31
60,No,Non-Travel,391,Research & Development,7,1,Marketing,1,754,4,Female,90,4,1,Manufacturing Director,2,Married,10257,28035,0,Y,Yes,19,3,4,80,2,3,5,4,4,0,2,0
28,No,Travel_Rarely,1351,Sales,4,3,Life Sciences,1,755,4,Female,35,3,3,Sales Executive,3,Married,7656,26993,0,Y,No,16,3,2,80,3,36,3,3,30,27,6,27
40,Yes,Travel_Rarely,1250,Human Resources,25,4,Medical,1,756,1,Male,95,4,4,Manager,2,Single,15078,27680,0,Y,No,13,3,2,80,1,20,3,2,12,12,3,10
33,Yes,Travel_Rarely,747,Research & Development,20,2,Life Sciences,1,757,3,Male,69,4,2,Research Scientist,4,Married,4420,18928,1,Y,Yes,22,4,4,80,3,0,2,3,0,0,5,0
48,No,Travel_Rarely,766,Research & Development,17,3,Other,1,758,3,Male,91,1,3,Research Director,3,Divorced,9691,25537,1,Y,No,17,3,3,80,1,24,3,2,21,19,4,17
28,No,Non-Travel,1472,Sales,22,4,Technical Degree,1,759,1,Male,57,4,4,Sales Executive,4,Divorced,6036,8960,1,Y,Yes,13,3,4,80,1,25,2,2,14,14,5,14
33,No,Travel_Rarely,799,Human Resources,4,4,Other,1,760,3,Female,76,1,4,Human Resources,2,Married,6200,9544,1,Y,No,17,3,3,80,1,27,2,3,25,22,6,22
25,No,Travel_Frequently,284,Sales,26,4,Technical Degree,1,761,4,Male,38,3,4,Sales Representative,3,Married,3900,8302,1,Y,No,18,4,2,80,0,24,4,3,17,16,3,16
21,No,Travel_Rarely,452,Research & Development,19,4,Other,1,762,3,Male,81,3,4,Manufacturing Director,3,Married,9700,24289,1,Y,No,15,3,3,80,1,7,2,3,8,5,7,5
57,Yes,Travel_Frequently,809,Research & Development,28,2,Life Sciences,1,763,2,Male,44,4,2,Research Director,3,Married,6345,13480,3,Y,No,15,3,2,80,3,11,2,2,0,0,3,0
21,No,Travel_Frequently,779,Sales,5,1,Medical,1,764,3,Female,63,3,1,Sales Representative,3,Single,1951,27348,2,Y,No,24,3,4,80,2,5,5,4,8,6,11,4
42,No,Travel_Rarely,903,Research & Development,16,4,Technical Degree,1,765,1,Female,49,4,4,Research Scientist,3,Married,5989,11885,0,Y,No,14,3,4,80,2,22,1,3,22,22,6,20
20,No,Travel_Rarely,441,Research & Development,3,3,Marketing,1,766,3,Female,89,3,3,Research Scientist,4,Married,4738,27644,1,Y,Yes,13,4,1,80,1,9,3,4,1,0,1,0
49,Yes,Non-Travel,1266,Sales,11,4,Technical Degree,1,767,3,Male,87,3,4,Sales Executive,2,Divorced,7452,17870,3,Y,Yes,22,3,3,80,0,22,3,2,13,12,7,11
20,No,Travel_Frequently,212,Sales,25,2,Life Sciences,1,768,3,Male,96,3,2,Sales Representative,4,Married,3173,22607,1,Y,No,18,4,4,80,0,40,5,4,37,34,3,33
44,No,Travel_Rarely,362,Research & Development,28,3,Life Sciences,1,769,4,Female,31,4,3,Manager,3,Married,18305,17613,6,Y,No,21,3,4,80,0,40,4,3,39,38,13,37
46,No,Travel_Rarely,1313,Sales,22,3,Human Resources,1,770,2,Female,79,2,3,Sales Representative,3,Married,2598,3573,3,Y,No,16,3,3,80,0,22,3,3,17,16,5,15
49,No,Travel_Frequently,472,Research & Development,15,4,Medical,1,771,4,Male,43,3,4,Manager,3,Married,16019,23356,1,Y,Yes,24,4,3,80,2,18,2,3,15,12,0,11
36,No,Travel_Rarely,1483,Research & Development,19,3,Life Sciences,1,772,4,Female,85,3,3,Laboratory Technician,4,Married,3745,22177,2,Y,No,16,3,4,80,2,28,2,3,28,24,2,24
38,No,Travel_Rarely,1398,Sales,21,3,Technical Degree,1,773,1,Female,98,3,3,Sales Executive,3,Single,3638,25903,3,Y,Yes,12,3,3,80,0,19,5,3,10,7,3,5
22,No,Non-Travel,705,Research & Development,24,3,Human Resources,1,774,4,Female,73,2,3,Laboratory Technician,4,Married,2633,4653,0,Y,Yes,14,3,4,80,0,11,0,2,5,4,7,4
35,No,Non-Travel,550,Research & Development,14,2,Life Sciences,1,775,3,Female,75,2,2,Laboratory Technician,1,Divorced,2862,2540,1,Y,No,25,4,4,80,0,2,4,4,2,0,5,0
45,No,Travel_Frequently,962,Human Resources,16,2,Other,1,776,3,Male,35,3,2,Human Resources,3,Married,7303,4211,2,Y,No,15,1,4,80,0,8,2,2,13,11,2,10
59,No,Travel_Rarely,1463,Research & Development,24,3,Human Resources,1,777,2,Male,37,3,3,Manufacturing Director,2,Single,10945,29272,6,Y,No,21,3,4,80,1,11,1,3,1,1,4,0
39,Yes,Non-Travel,1436,Research & Development,6,3,Human Resources,1,778,3,Male,68,3,3,Manager,3,Married,13273,11750,1,Y,No,20,3,4,80,0,40,2,3,31,29,4,29
38,No,Travel_Rarely,1454,Human Resources,5,3,Human Resources,1,779,4,Female,73,4,3,Manager,3,Divorced,10118,10322,1,Y,No,15,3,1,80,0,39,1,3,30,26,0,24
23,No,Travel_Rarely,1172,Sales,21,3,Medical,1,780,2,Female,56,3,3,Sales Executive,3,Single,5086,12935,0,Y,Yes,13,3,2,80,3,6,6,4,10,9,1,8
18,Yes,Travel_Rarely,757,Sales,17,4,Medical,1,781,2,Female,45,3,4,Sales Representative,3,Married,4023,23927,2,Y,No,20,3,1,80,0,32,4,4,21,18,2,17
22,No,Travel_Frequently,250,Sales,16,5,Life Sciences,1,782,2,Male,68,4,5,Sales Representative,2,Divorced,1843,5820,3,Y,No,15,4,2,80,2,0,3,1,2,0,1,0
58,No,Travel_Rarely,451,Research & Development,2,3,Life Sciences,1,783,3,Female,30,3,3,Manager,3,Married,11625,20615,1,Y,No,15,3,1,80,1,27,3,3,30,26,1,25
29,No,Non-Travel,424,Sales,28,3,Medical,1,784,4,Female,80,4,3,Manager,3,Divorced,19999,27401,3,Y,No,12,3,3,80,0,31,3,4,32,30,0,30
43,No,Non-Travel,966,Research & Development,11,2,Medical,1,785,3,Female,92,3,2,Manufacturing Director,2,Divorced,6752,21102,1,Y,No,15,4,1,80,2,34,4,3,23,22,8,21
51,No,Travel_Rarely,1245,Sales,4,4,Life Sciences,1,786,2,Female,62,4,4,Sales Executive,2,Married,4329,9690,3,Y,No,13,3,3,80,1,11,4,3,0,0,1,0
31,No,Non-Travel,1106,Research & Development,6,3,Medical,1,787,3,Female,79,4,3,Manufacturing Director,4,Married,3762,3022,1,Y,Yes,25,3,4,80,0,28,2,4,14,14,1,14
43,No,Non-Travel,499,Research & Development,27,3,Life Sciences,1,788,3,Male,83,4,3,Research Director,4,Single,17212,29177,4,Y,Yes,13,3,4,80,0,36,2,3,36,34,1,33
44,No,Travel_Rarely,747,Research & Development,7,4,Other,1,789,1,Male,56,4,4,Laboratory Technician,2,Single,3866,7354,4,Y,No,15,3,4,80,2,21,3,2,26,26,3,24
26,No,Travel_Rarely,1322,Research & Development,17,2,Life Sciences,1,790,3,Male,48,1,2,Laboratory Technician,2,Married,2587,6226,4,Y,No,19,3,2,80,1,38,5,4,37,34,3,32
43,No,Travel_Rarely,514,Sales,8,4,Marketing,1,791,2,Male,57,2,4,Sales Executive,2,Single,6602,27272,1,Y,No,24,3,3,80,1,35,3,4,26,25,1,24
39,No,Travel_Rarely,138,Research & Development,28,3,Medical,1,792,4,Female,52,4,3,Laboratory Technician,4,Married,2803,11229,3,Y,No,12,2,3,80,0,12,4,4,11,11,4,11
47,Yes,Travel_Frequently,288,Research & Development,1,4,Life Sciences,1,793,3,Female,93,3,4,Research Scientist,4,Divorced,1984,2813,2,Y,No,19,4,3,80,0,15,4,3,2,0,5,0
60,No,Travel_Rarely,521,Research & Development,25,2,Human Resources,1,794,4,Male,68,4,2,Research Director,1,Divorced,12364,22221,8,Y,No,13,3,3,80,2,40,3,4,29,27,2,25
34,No,Non-Travel,826,Research & Development,15,5,Medical,1,795,4,Male,78,1,5,Manufacturing Director,4,Married,8081,10850,1,Y,No,23,3,1,80,2,36,4,4,31,28,4,27
43,No,Non-Travel,1235,Sales,20,4,Medical,1,796,4,Female,88,4,4,Sales Representative,1,Divorced,3634,29003,4,Y,Yes,22,3,2,80,1,30,2,4,22,18,3,18
53,No,Travel_Rarely,288,Sales,12,3,Life Sciences,1,797,2,Male,49,2,3,Sales Representative,2,Divorced,3005,19467,1,Y,No,17,3,4,80,0,8,2,3,1,0,1,0
18,Yes,Travel_Rarely,572,Sales,15,3,Medical,1,798,4,Male,90,3,3,Sales Representative,4,Married,3118,4974,1,Y,No,22,3,4,80,3,20,4,4,6,4,5,2
25,No,Travel_Rarely,1203,Sales,23,3,Life Sciences,1,799,4,Male,38,4,3,Manager,4,Single,3954,27759,0,Y,Yes,24,2,3,80,1,36,1,4,33,29,6,27
52,No,Travel_Rarely,1499,Sales,27,4,Medical,1,800,4,Male,52,2,4,Sales Representative,4,Married,3817,23950,1,Y,No,11,3,2,80,2,34,2,2,31,30,4,30
32,No,Travel_Rarely,911,Research & Development,22,4,Medical,1,801,1,Male,36,3,4,Manager,3,Married,8082,25065,0,Y,No,11,2,3,80,0,40,3,3,38,34,2,32
39,No,Travel_Rarely,431,Sales,15,3,Other,1,802,2,Male,60,2,3,Manager,2,Married,9004,4624,0,Y,No,18,3,1,80,1,37,2,4,31,30,9,30
31,No,Travel_Rarely,1250,Sales,29,5,Marketing,1,803,4,Male,89,4,5,Manager,4,Married,10099,7505,0,Y,No,19,3,4,80,3,17,5,4,13,11,3,10
43,Yes,Travel_Rarely,1441,Research & Development,9,1,Life Sciences,1,804,2,Female,90,4,1,Manufacturing Director,3,Single,3059,15381,4,Y,Yes,13,3,4,80,0,2,5,4,2,0,1,0
45,No,Non-Travel,1059,Sales,16,1,Life Sciences,1,805,2,Male,55,4,1,Manager,2,Married,9902,9549,2,Y,No,16,3,1,80,2,40,3,2,31,29,2,27
40,No,Travel_Rarely,421,Sales,2,5,Medical,1,806,3,Female,83,3,5,Sales Executive,3,Divorced,5630,4732,4,Y,No,25,4,2,80,2,31,3,3,35,32,5,31
31,No,Travel_Rarely,576,Research & Development,15,4,Life Sciences,1,807,4,Male,60,3,4,Research Director,4,Married,8866,20381,2,Y,Yes,24,4,3,80,0,30,3,3,16,12,7,12
41,No,Travel_Rarely,927,Research & Development,15,3,Life Sciences,1,808,3,Male,70,1,3,Manufacturing Director,4,Divorced,3917,12203,4,Y,No,13,3,2,80,2,5,2,4,2,2,2,2
19,Yes,Travel_Rarely,615,Research & Development,27,4,Technical Degree,1,809,4,Female,57,3,4,Research Director,3,Divorced,12783,27824,2,Y,Yes,16,3,4,80,0,22,1,1,9,9,1,7
43,No,Travel_Rarely,435,Human Resources,7,5,Life Sciences,1,810,3,Male,35,3,5,Human Resources,4,Divorced,6156,26059,0,Y,No,17,2,4,80,2,39,3,4,39,37,4,37
31,No,Travel_Rarely,1196,Sales,27,4,Other,1,811,2,Male,63,4,4,Manager,1,Divorced,8889,13928,2,Y,No,15,2,2,80,3,13,3,3,17,13,9,13
24,No,Travel_Rarely,566,Research & Development,21,4,Life Sciences,1,812,3,Male,38,3,4,Manufacturing Director,3,Divorced,6604,15457,3,Y,No,13,3,1,80,3,11,2,4,2,1,1,0
20,No,Travel_Rarely,825,Sales,13,4,Human Resources,1,813,3,Female,41,2,4,Sales Executive,3,Married,8760,28989,2,Y,No,18,3,4,80,2,40,4,3,38,38,6,37
40,No,Travel_Rarely,109,Research & Development,23,2,Marketing,1,814,3,Male,45,3,2,Manager,1,Single,11073,26161,4,Y,No,23,3,3,80,1,19,3,4,9,7,3,6
60,Yes,Travel_Rarely,265,Research & Development,17,4,Technical Degree,1,815,3,Male,60,3,4,Manager,4,Married,7534,6343,3,Y,Yes,15,3,3,80,2,10,2,4,8,8,6,6
35,No,Travel_Rarely,882,Sales,11,3,Life Sciences,1,816,2,Female,62,2,3,Sales Representative,4,Married,2924,26587,1,Y,No,11,2,2,80,2,14,3,4,10,10,3,9
55,No,Travel_Frequently,1420,Sales,27,5,Other,1,817,2,Male,36,2,5,Manager,2,Single,8083,28586,4,Y,Yes,22,4,2,80,0,36,2,2,32,32,2,31
52,Yes,Travel_Rarely,459,Research & Development,10,3,Other,1,818,4,Female,32,1,3,Laboratory Technician,4,Single,2756,5607,3,Y,Yes,25,2,4,80,0,40,2,2,35,33,5,33
32,No,Travel_Rarely,182,Research & Development,25,4,Marketing,1,819,3,Female,49,4,4,Research Director,3,Divorced,9848,27312,0,Y,No,19,2,3,80,1,29,4,4,25,23,9,22
42,No,Travel_Frequently,875,Research & Development,1,3,Medical,1,820,1,Female,34,3,3,Laboratory Technician,3,Divorced,4607,2509,2,Y,No,13,3,2,80,0,29,5,3,26,23,2,21
54,No,Non-Travel,1400,Research & Development,14,2,Technical Degree,1,821,2,Male,96,4,2,Research Director,4,Divorced,16069,11460,3,Y,No,12,4,2,80,3,40,2,4,37,34,3,33
45,No,Non-Travel,1022,Research & Development,5,3,Life Sciences,1,822,3,Female,67,3,3,Research Director,2,Married,14087,8094,2,Y,Yes,13,3,3,80,1,16,5,4,21,18,1,16
27,No,Travel_Rarely,1000,Research & Development,8,5,Marketing,1,823,4,Male,85,4,5,Research Director,4,Single,9784,14458,6,Y,No,17,3,4,80,0,23,2,4,25,25,1,25
56,No,Travel_Rarely,1023,Research & Development,1,5,Other,1,824,3,Male,52,2,5,Laboratory Technician,2,Single,5870,7745,0,Y,No,22,3,2,80,1,18,1,3,21,17,6,17
34,Yes,Travel_Rarely,1172,Research & Development,7,3,Medical,1,825,1,Male,31,3,3,Manufacturing Director,4,Single,9339,23200,3,Y,Yes,21,3,4,80,3,8,1,4,4,2,1,1
56,No,Travel_Frequently,926,Research & Development,2,5,Life Sciences,1,826,3,Female,50,3,5,Laboratory Technician,3,Single,2471,5042,4,Y,No,22,4,2,80,3,40,2,1,34,31,6,31
39,Yes,Travel_Frequently,1119,Research & Development,7,4,Medical,1,827,4,Male,43,2,4,Manufacturing Director,1,Single,8226,6910,3,Y,Yes,20,3,3,80,0,13,2,3,1,0,2,0
43,No,Travel_Rarely,1204,Sales,7,4,Technical Degree,1,828,3,Male,91,4,4,Manager,3,Divorced,9635,8572,1,Y,No,18,4,4,80,2,40,5,2,34,31,14,31
42,No,Travel_Rarely,781,Sales,9,1,Life Sciences,1,829,2,Male,40,4,1,Sales Representative,2,Married,1876,19442,1,Y,No,12,3,4,80,1,8,2,4,8,5,1,3
34,No,Travel_Rarely,1148,Research & Development,22,5,Life Sciences,1,830,4,Female,33,3,5,Manufacturing Director,1,Single,5181,6300,2,Y,No,24,3,2,80,1,13,2,4,17,13,0,13
30,No,Travel_Rarely,1353,Research & Development,4,4,Life Sciences,1,831,3,Female,76,3,4,Manager,1,Single,11469,11081,1,Y,Yes,23,3,2,80,2,15,3,3,11,8,0,7
37,Yes,Non-Travel,539,Research & Development,23,5,Technical Degree,1,832,2,Female,49,3,5,Manufacturing Director,4,Married,9810,23887,5,Y,Yes,17,4,1,80,0,0,2,3,2,2,7,1
42,No,Travel_Rarely,1423,Research & Development,7,4,Life Sciences,1,833,2,Male,81,4,4,Manager,4,Single,15845,21336,0,Y,Yes,21,3,4,80,1,20,3,4,17,17,2,16
21,No,Travel_Rarely,1047,Research & Development,20,4,Marketing,1,834,3,Male,45,4,4,Laboratory Technician,4,Divorced,2193,29913,2,Y,Yes,15,3,1,80,0,40,2,4,37,37,0,35
27,Yes,Non-Travel,1385,Research & Development,18,4,Medical,1,835,4,Female,74,1,4,Laboratory Technician,4,Married,3181,24080,0,Y,Yes,19,3,2,80,0,2,1,4,6,5,8,5
20,No,Travel_Rarely,877,Research & Development,13,3,Technical Degree,1,836,4,Male,37,2,3,Laboratory Technician,4,Married,4010,9610,2,Y,No,17,3,2,80,0,34,3,4,32,29,8,28
58,No,Travel_Rarely,777,Sales,11,3,Human Resources,1,837,3,Male,91,3,3,Manager,1,Married,12546,13873,3,Y,Yes,11,2,3,80,0,16,0,4,5,4,6,2
35,No,Travel_Rarely,111,Research & Development,9,3,Life Sciences,1,838,4,Female,50,3,3,Research Scientist,4,Single,5437,21128,0,Y,No,11,3,4,80,1,28,2,3,17,15,1,13
53,No,Travel_Rarely,259,Research & Development,14,1,Life Sciences,1,839,2,Female,93,3,1,Manufacturing Director,4,Married,6956,28084,3,Y,No,16,3,2,80,0,19,2,3,21,17,2,15
39,No,Travel_Rarely,969,Sales,8,4,Other,1,840,4,Female,59,4,4,Manager,2,Married,16582,26021,0,Y,Yes,19,1,3,80,1,40,2,3,38,36,5,36
51,No,Travel_Rarely,885,Research & Development,21,4,Life Sciences,1,841,3,Female,65,4,4,Research Director,3,Married,9987,29913,2,Y,No,11,3,1,80,1,14,3,4,8,7,3,7
25,No,Travel_Rarely,1283,Research & Development,14,5,Life Sciences,1,842,3,Female,34,3,5,Research Director,3,Single,12273,5033,2,Y,Yes,13,3,3,80,3,40,2,3,34,34,1,34
57,No,Travel_Rarely,421,Research & Development,21,2,Other,1,843,2,Male,67,4,2,Manufacturing Director,4,Married,7086,24418,1,Y,No,23,2,2,80,1,25,3,4,22,19,1,17
36,Yes,Travel_Rarely,1327,Research & Development,17,3,Human Resources,1,844,1,Male,48,2,3,Manager,3,Married,12210,11959,0,Y,No,15,2,2,80,3,24,3,1,11,8,12,8
59,No,Travel_Frequently,222,Sales,27,1,Medical,1,845,4,Female,56,3,1,Manager,4,Divorced,6254,11324,3,Y,Yes,14,4,3,80,0,31,2,4,23,23,1,22
58,No,Travel_Rarely,240,Research & Development,25,2,Life Sciences,1,846,2,Male,42,4,2,Research Director,1,Married,7489,3201,1,Y,No,11,3,4,80,2,40,5,4,39,36,5,34
54,No,Travel_Rarely,775,Research & Development,27,2,Medical,1,847,2,Female,38,3,2,Manufacturing Director,1,Married,7502,18632,0,Y,Yes,20,2,4,80,0,19,5,3,8,4,3,4
23,No,Travel_Rarely,1464,Research & Development,14,4,Life Sciences,1,848,2,Male,46,3,4,Research Scientist,4,Married,4635,10003,4,Y,No,14,4,3,80,2,8,3,3,12,8,5,6
43,No,Travel_Rarely,1385,Research & Development,26,2,Technical Degree,1,849,1,Male,73,2,2,Manager,1,Married,19999,28471,1,Y,No,14,3,2,80,1,40,1,2,39,35,4,33
51,Yes,Travel_Rarely,145,Sales,27,4,Technical Degree,1,850,3,Female,74,4,4,Sales Representative,3,Married,2656,23660,3,Y,Yes,21,3,2,80,1,15,2,4,16,14,2,14
23,No,Travel_Frequently,1284,Sales,24,3,Other,1,851,3,Female,71,3,3,Manager,3,Married,7044,26805,2,Y,No,22,3,3,80,0,7,1,4,6,6,2,4
54,No,Travel_Rarely,917,Research & Development,5,5,Life Sciences,1,852,2,Female,80,4,5,Manufacturing Director,4,Married,12085,4675,0,Y,Yes,20,2,4,80,0,26,2,3,16,12,6,12
50,No,Travel_Rarely,1480,Research & Development,10,4,Medical,1,853,3,Male,87,2,4,Manager,2,Divorced,15883,11476,0,Y,Yes,23,4,4,80,2,33,1,2,23,22,2,22
39,Yes,Travel_Rarely,199,Research & Development,6,5,Life Sciences,1,854,4,Female,87,1,5,Research Director,1,Married,6530,21259,2,Y,Yes,14,3,3,80,3,12,3,3,1,0,6,0
38,No,Travel_Frequently,340,Sales,28,5,Medical,1,855,4,Male,59,3,5,Sales Representative,3,Divorced,3418,10512,0,Y,No,13,3,3,80,0,35,1,3,34,32,5,30
23,No,Non-Travel,576,Research & Development,10,5,Technical Degree,1,856,3,Male,34,3,5,Manager,3,Married,15006,9294,0,Y,No,17,4,4,80,3,40,5,3,27,26,4,24
23,No,Travel_Rarely,625,Research & Development,11,5,Life Sciences,1,857,3,Male,37,4,5,Manager,2,Divorced,12589,18411,3,Y,No,11,1,3,80,0,20,1,3,18,18,2,18
21,No,Travel_Rarely,658,Research & Development,26,4,Marketing,1,858,2,Male,66,4,4,Research Director,4,Divorced,10977,13090,2,Y,No,12,2,3,80,2,34,3,3,32,32,1,30
47,No,Travel_Rarely,110,Research & Development,24,3,Marketing,1,859,3,Male,76,3,3,Research Director,4,Married,8103,2509,1,Y,Yes,11,2,2,80,3,25,5,3,20,16,5,16
28,No,Non-Travel,1335,Research & Development,6,3,Human Resources,1,860,4,Female,74,1,3,Research Scientist,4,Divorced,5180,16563,2,Y,No,24,1,2,80,0,18,2,4,9,8,0,7
47,No,Travel_Rarely,1179,Research & Development,10,3,Technical Degree,1,861,3,Female,34,3,3,Research Scientist,2,Single,3836,19024,2,Y,No,14,3,1,80,1,20,5,4,8,7,12,5
48,No,Travel_Rarely,717,Research & Development,14,4,Technical Degree,1,862,3,Female,92,4,4,Manufacturing Director,3,Divorced,1651,21634,2,Y,No,15,3,3,80,0,37,2,3,37,33,12,31
41,No,Travel_Rarely,253,Research & Development,20,3,Medical,1,863,3,Male,76,2,3,Manufacturing Director,4,Married,8471,5747,2,Y,No,21,3,3,80,1,11,5,4,5,1,0,0
26,No,Travel_Rarely,511,Research & Development,3,5,Life Sciences,1,864,4,Female,54,4,5,Manager,3,Single,5966,21103,6,Y,No,25,2,4,80,2,40,5,2,34,31,0,30
20,No,Travel_Rarely,111,Sales,7,5,Medical,1,865,4,Female,79,1,5,Sales Executive,2,Married,9128,22287,1,Y,Yes,20,2,4,80,2,17,1,3,17,14,2,13
48,No,Travel_Rarely,1058,Research & Development,29,3,Medical,1,866,4,Female,74,4,3,Laboratory Technician,4,Divorced,2312,23389,1,Y,Yes,15,4,4,80,3,30,4,4,18,14,11,14
57,No,Travel_Frequently,653,Research & Development,2,3,Marketing,1,867,2,Male,59,4,3,Laboratory Technician,3,Single,1009,27887,0,Y,No,12,3,1,80,0,18,1,1,4,2,2,2
54,No,Travel_Rarely,657,Sales,7,5,Marketing,1,868,2,Male,77,3,5,Sales Executive,4,Married,3284,5336,0,Y,No,21,3,3,80,1,27,2,3,24,21,2,20
53,No,Travel_Rarely,981,Research & Development,17,3,Medical,1,869,4,Male,80,4,3,Manufacturing Director,2,Married,7900,28066,0,Y,No,13,3,3,80,1,12,1,2,10,6,5,6
41,No,Travel_Rarely,369,Research & Development,13,4,Life Sciences,1,870,2,Male,84,4,4,Research Scientist,3,Divorced,4751,19802,1,Y,No,14,3,4,80,3,17,1,3,9,8,1,6
48,No,Travel_Rarely,1115,Sales,26,3,Life Sciences,1,871,3,Male,84,4,3,Sales Executive,4,Married,4033,9599,2,Y,Yes,20,2,2,80,0,29,3,4,16,13,2,12
23,No,Travel_Rarely,768,Research & Development,21,4,Technical Degree,1,872,3,Female,75,3,4,Manufacturing Director,3,Single,5426,11650,0,Y,No,16,4,1,80,3,40,2,2,35,33,1,31
19,Yes,Non-Travel,552,Sales,9,3,Marketing,1,873,3,Male,60,3,3,Manager,2,Single,11970,21843,3,Y,No,16,3,3,80,1,27,4,2,25,25,4,25
37,No,Travel_Rarely,695,Research & Development,13,5,Marketing,1,874,3,Male,63,4,5,Laboratory Technician,2,Married,4520,23288,1,Y,No,22,3,4,80,1,26,2,4,30,29,1,28
45,No,Travel_Frequently,1322,Research & Development,15,4,Medical,1,875,4,Male,97,4,4,Manufacturing Director,2,Married,5095,9312,7,Y,No,12,3,4,80,1,29,5,3,31,29,3,29
28,No,Travel_Rarely,499,Research & Development,13,3,Life Sciences,1,876,1,Male,62,4,3,Research Director,3,Divorced,11137,9342,2,Y,No,12,3,3,80,3,20,0,3,20,18,7,16
21,No,Travel_Rarely,1022,Research & Development,17,3,Technical Degree,1,877,4,Male,85,3,3,Research Director,3,Single,4783,12759,4,Y,No,19,3,4,80,1,14,1,4,17,15,3,15
32,No,Travel_Rarely,1177,Sales,8,3,Technical Degree,1,878,4,Male,87,2,3,Sales Executive,2,Married,7663,11529,5,Y,No,22,3,1,80,2,14,3,3,17,16,5,14
23,Yes,Non-Travel,1493,Sales,9,5,Medical,1,879,4,Male,86,4,5,Sales Representative,1,Single,3680,23632,5,Y,No,12,3,3,80,1,13,4,4,0,0,0,0
47,No,Travel_Rarely,1499,Sales,9,4,Marketing,1,880,3,Female,46,2,4,Sales Representative,3,Single,3471,21465,2,Y,Yes,12,2,4,80,1,18,4,4,13,13,2,11
55,No,Travel_Rarely,1184,Human Resources,8,3,Medical,1,881,3,Female,40,4,3,Human Resources,3,Married,7140,2346,1,Y,No,13,2,2,80,0,11,2,3,7,4,0,4
19,Yes,Travel_Rarely,395,Sales,16,3,Technical Degree,1,882,4,Male,46,3,3,Manager,3,Married,15339,18500,2,Y,Yes,25,3,2,80,2,7,2,3,1,0,4,0
32,No,Travel_Rarely,889,Research & Development,20,3,Other,1,883,3,Male,39,3,3,Manager,3,Married,18648,12650,1,Y,No,19,4,4,80,0,22,0,3,14,12,1,11
28,No,Travel_Rarely,1053,Research & Development,7,4,Marketing,1,884,3,Female,55,3,4,Research Scientist,4,Divorced,4646,11612,1,Y,Yes,24,4,3,80,2,40,3,4,33,29,1,29
25,No,Travel_Rarely,970,Research & Development,17,4,Medical,1,885,3,Male,35,4,4,Research Director,2,Married,15549,12046,1,Y,No,16,1,4,80,1,38,2,3,35,32,0,30
43,No,Travel_Frequently,211,Research & Development,7,3,Medical,1,886,1,Male,45,4,3,Research Director,3,Divorced,7167,21466,1,Y,No,21,2,2,80,1,9,2,4,0,0,2,0
22,Yes,Travel_Rarely,208,Sales,6,4,Marketing,1,887,3,Female,33,4,4,Sales Representative,3,Divorced,2815,15709,1,Y,Yes,25,3,3,80,1,17,3,4,20,16,3,15
23,Yes,Travel_Rarely,1114,Research & Development,5,4,Marketing,1,888,4,Male,91,3,4,Research Scientist,1,Married,4344,3631,0,Y,Yes,25,4,3,80,1,5,3,4,0,0,4,0
43,No,Non-Travel,398,Research & Development,17,5,Medical,1,889,4,Female,93,1,5,Manufacturing Director,3,Divorced,5497,3999,1,Y,No,22,4,4,80,2,35,3,4,31,29,0,29
21,No,Travel_Rarely,940,Research & Development,8,5,Marketing,1,890,1,Male,85,4,5,Manufacturing Director,4,Married,2334,26443,1,Y,No,16,4,2,80,2,31,2,4,19,18,4,18
36,No,Travel_Rarely,1220,Research & Development,26,4,Life Sciences,1,891,4,Male,52,3,4,Laboratory Technician,1,Single,4412,17452,1,Y,Yes,22,3,3,80,0,33,3,4,35,33,3,31
37,No,Travel_Frequently,1086,Research & Development,1,4,Human Resources,1,892,3,Male,62,4,4,Manager,1,Married,8652,25653,4,Y,Yes,20,3,2,80,3,40,1,2,38,38,3,38
50,No,Travel_Rarely,946,Research & Development,16,3,Technical Degree,1,893,3,Female,60,4,3,Laboratory Technician,4,Single,3079,28721,1,Y,No,15,2,4,80,1,29,1,4,29,25,7,24
37,No,Travel_Rarely,180,Research & Development,17,4,Medical,1,894,4,Male,36,3,4,Manufacturing Director,3,Married,11803,14569,7,Y,No,25,1,2,80,3,13,4,4,6,6,2,5
29,No,Travel_Rarely,1375,Research & Development,3,3,Medical,1,895,2,Male,34,4,3,Research Scientist,3,Married,5272,10132,0,Y,Yes,17,3,1,80,0,35,3,3,21,19,1,17
18,No,Travel_Rarely,831,Sales,13,3,Life Sciences,1,896,4,Female,66,4,3,Sales Representative,3,Single,4566,24482,5,Y,No,21,1,3,80,0,8,4,2,9,6,3,6
43,No,Travel_Rarely,440,Research & Development,8,3,Life Sciences,1,897,3,Male,30,4,3,Research Director,4,Single,10361,27382,1,Y,No,25,3,3,80,1,21,1,3,7,3,10,3
31,No,Travel_Rarely,158,Research & Development,16,4,Life Sciences,1,898,4,Male,99,3,4,Research Director,2,Divorced,11666,9003,6,Y,Yes,14,3,2,80,0,34,5,2,26,23,3,22
55,No,Travel_Rarely,1021,Research & Development,24,2,Marketing,1,899,3,Female,74,4,2,Research Scientist,2,Married,4175,3691,1,Y,No,25,2,2,80,3,16,1,3,9,8,7,6
54,No,Travel_Rarely,248,Research & Development,7,3,Other,1,900,2,Male,76,3,3,Manufacturing Director,2,Single,5963,4704,3,Y,Yes,20,4,4,80,0,21,4,3,13,9,6,7
28,No,Non-Travel,847,Research & Development,21,3,Medical,1,901,3,Female,97,1,3,Research Director,4,Married,11655,23924,0,Y,Yes,20,3,1,80,0,12,2,4,10,10,3,8
53,No,Travel_Rarely,1142,Research & Development,15,1,Medical,1,902,3,Female,59,2,1,Research Director,3,Married,8692,21819,2,Y,Yes,13,4,1,80,0,15,1,3,5,2,4,1
30,No,Travel_Frequently,469,Research & Development,24,3,Medical,1,903,2,Female,89,2,3,Manager,4,Married,14320,10402,1,Y,No,17,4,2,80,0,27,2,4,20,19,2,18
60,No,Travel_Rarely,810,Research & Development,2,4,Life Sciences,1,904,4,Male,53,2,4,Laboratory Technician,3,Divorced,2901,28266,3,Y,No,24,2,4,80,1,40,1,2,32,28,3,26
20,No,Travel_Rarely,1314,Research & Development,24,4,Life Sciences,1,905,3,Female,60,1,4,Manufacturing Director,3,Married,7579,3777,2,Y,No,20,3,1,80,1,31,2,3,18,17,3,15
50,No,Travel_Rarely,349,Research & Development,28,3,Technical Degree,1,906,4,Male,57,4,3,Laboratory Technician,2,Married,3399,16843,6,Y,Yes,11,2,4,80,1,33,5,3,38,38,5,38
23,No,Travel_Rarely,251,Sales,27,5,Human Resources,1,907,3,Female,74,3,5,Manager,3,Divorced,15877,5147,2,Y,Yes,16,3,4,80,0,19,2,3,23,19,2,19
27,No,Travel_Rarely,815,Research & Development,2,4,Medical,1,908,3,Male,33,3,4,Research Director,2,Divorced,8726,10057,1,Y,No,23,3,3,80,0,29,3,4,17,16,0,14
22,No,Non-Travel,1338,Human Resources,10,3,Marketing,1,909,4,Male,90,3,3,Human Resources,4,Single,7458,20883,0,Y,Yes,21,4,2,80,0,40,4,4,34,32,6,31
40,No,Travel_Rarely,318,Research & Development,5,4,Human Resources,1,910,4,Male,68,3,4,Laboratory Technician,3,Single,2549,19070,3,Y,No,21,3,4,80,2,38,3,4,36,32,5,31
27,Yes,Travel_Rarely,1131,Research & Development,27,5,Life Sciences,1,911,2,Female,53,2,5,Research Director,2,Single,10809,29246,0,Y,No,21,3,4,80,2,15,2,3,18,14,11,14
19,No,Travel_Rarely,771,Sales,29,3,Technical Degree,1,912,4,Female,75,3,3,Manager,3,Married,9524,23450,4,Y,No,12,4,4,80,2,31,6,4,23,19,2,17
30,No,Travel_Rarely,962,Sales,4,3,Marketing,1,913,3,Male,82,4,3,Sales Representative,2,Married,4004,27505,1,Y,Yes,12,3,4,80,3,36,1,3,33,29,0,28
57,No,Travel_Rarely,405,Research & Development,15,5,Marketing,1,914,1,Male,77,4,5,Laboratory Technician,3,Married,2640,27890,2,Y,No,21,2,2,80,3,23,3,2,21,19,0,18
19,Yes,Travel_Frequently,504,Research & Development,13,4,Life Sciences,1,915,3,Female,38,3,4,Research Director,1,Divorced,7849,21217,2,Y,Yes,18,3,4,80,1,14,4,4,3,3,6,2
37,No,Travel_Rarely,961,Research & Development,17,2,Marketing,1,916,4,Male,51,3,2,Laboratory Technician,3,Married,2180,11965,1,Y,No,13,2,2,80,1,19,0,4,9,7,0,6
18,No,Travel_Rarely,481,Research & Development,21,4,Technical Degree,1,917,4,Male,31,3,4,Manager,3,Single,12370,4245,3,Y,No,19,1,3,80,3,5,3,3,1,0,9,0
54,No,Travel_Rarely,553,Research & Development,23,3,Life Sciences,1,918,2,Female,45,3,3,Manager,3,Married,14127,3185,1,Y,No,14,3,3,80,1,11,2,4,7,6,1,5
26,No,Non-Travel,1354,Research & Development,1,5,Medical,1,919,4,Male,34,3,5,Research Director,3,Married,11449,4464,0,Y,No,24,3,2,80,0,32,1,4,32,29,8,28
34,No,Travel_Rarely,795,Research & Development,18,3,Life Sciences,1,920,4,Female,41,4,3,Manufacturing Director,1,Married,7653,10575,7,Y,No,16,3,1,80,1,40,2,3,37,34,6,32
26,No,Travel_Rarely,246,Research & Development,28,3,Other,1,921,3,Male,81,2,3,Research Director,3,Married,8018,16535,1,Y,Yes,11,3,2,80,3,37,5,3,27,26,8,24
28,No,Travel_Rarely,151,Sales,15,4,Medical,1,922,4,Male,55,4,4,Sales Executive,3,Divorced,6414,16057,3,Y,Yes,21,3,3,80,2,18,4,4,9,7,1,7
32,No,Travel_Rarely,1225,Sales,14,3,Technical Degree,1,923,3,Male,44,3,3,Sales Executive,3,Single,6494,3521,2,Y,No,25,1,4,80,0,8,2,4,0,0,4,0
41,No,Travel_Frequently,444,Sales,9,3,Medical,1,924,2,Female,96,3,3,Sales Executive,4,Married,7530,19363,3,Y,No,20,1,3,80,3,31,1,3,33,29,0,29
55,No,Travel_Rarely,983,Research & Development,12,4,Life Sciences,1,925,4,Male,88,4,4,Laboratory Technician,2,Divorced,3693,17402,0,Y,No,20,1,4,80,3,0,2,3,2,1,1,1
52,No,Travel_Frequently,991,Sales,5,4,Life Sciences,1,926,2,Female,68,3,4,Sales Representative,3,Married,4565,22561,2,Y,No,13,3,2,80,0,4,3,3,8,7,2,6
47,No,Travel_Rarely,1138,Sales,29,1,Life Sciences,1,927,3,Male,92,3,1,Manager,3,Single,12142,5610,1,Y,No,14,3,2,80,3,9,4,3,4,0,5,0
48,No,Travel_Rarely,863,Research & Development,23,4,Life Sciences,1,928,2,Female,54,2,4,Laboratory Technician,3,Married,3878,25855,2,Y,No,15,3,2,80,3,7,5,3,9,6,0,5
22,No,Travel_Rarely,949,Research & Development,2,3,Medical,1,929,4,Male,70,3,3,Research Scientist,4,Single,4596,7700,7,Y,No,23,4,3,80,0,21,4,3,11,7,9,6
31,No,Non-Travel,1025,Sales,23,3,Life Sciences,1,930,3,Male,57,3,3,Sales Executive,2,Divorced,6313,13462,0,Y,Yes,11,3,3,80,2,15,3,4,17,17,0,16
28,No,Travel_Rarely,1297,Research & Development,23,3,Medical,1,931,3,Female,50,2,3,Laboratory Technician,4,Single,3871,9573,3,Y,No,24,2,4,80,0,15,1,4,20,19,2,17
26,No,Travel_Rarely,1484,Research & Development,7,3,Medical,1,932,3,Male,90,2,3,Research Director,1,Married,8738,20337,1,Y,No,14,2,3,80,2,33,1,4,20,19,0,19
51,No,Travel_Frequently,1231,Research & Development,21,4,Marketing,1,933,2,Male,86,4,4,Research Director,3,Married,9825,23930,1,Y,No,15,4,3,80,3,0,3,4,0,0,6,0
29,No,Travel_Rarely,290,Research & Development,9,3,Technical Degree,1,934,4,Female,40,2,3,Manager,4,Divorced,16173,11676,1,Y,No,14,3,1,80,1,5,3,4,2,0,0,0
52,Yes,Travel_Rarely,1175,Sales,18,4,Marketing,1,935,3,Male,48,2,4,Sales Representative,2,Single,2563,19267,1,Y,No,20,3,1,80,1,11,4,4,4,0,8,0
52,No,Non-Travel,1374,Research & Development,4,2,Human Resources,1,936,3,Female,30,3,2,Research Director,4,Single,11162,29103,1,Y,No,20,2,1,80,3,36,2,3,24,22,3,22
18,Yes,Travel_Rarely,511,Research & Development,2,5,Life Sciences,1,937,2,Male,61,4,5,Laboratory Technician,2,Single,1009,23207,1,Y,No,17,2,4,80,3,17,0,4,7,7,10,6
57,No,Non-Travel,328,Research & Development,24,4,Medical,1,938,2,Female,63,4,4,Laboratory Technician,4,Single,3305,18507,3,Y,No,18,2,3,80,0,26,2,2,16,12,1,12
39,Yes,Travel_Rarely,314,Research & Development,28,4,Medical,1,939,4,Male,46,4,4,Research Director,3,Single,8523,2525,0,Y,Yes,22,4,2,80,3,12,5,3,8,8,3,6
46,Yes,Travel_Rarely,1106,Research & Development,27,3,Medical,1,940,3,Male,84,3,3,Research Scientist,3,Married,4662,20470,1,Y,Yes,18,3,3,80,0,34,4,3,31,31,5,31
25,Yes,Travel_Rarely,1471,Research & Development,1,3,Marketing,1,941,4,Female,48,3,3,Research Director,4,Single,9291,17558,1,Y,Yes,13,3,3,80,0,10,0,3,5,5,7,5
28,No,Travel_Rarely,520,Sales,25,3,Medical,1,942,1,Female,71,4,3,Sales Executive,3,Single,7297,12347,3,Y,No,23,3,1,80,2,37,4,3,39,35,2,35
58,No,Travel_Rarely,1209,Research & Development,12,5,Medical,1,943,3,Male,88,3,5,Manufacturing Director,2,Divorced,7091,24795,0,Y,No,15,3,3,80,2,24,2,4,20,16,8,14
54,No,Travel_Rarely,1020,Research & Development,13,3,Medical,1,944,4,Male,67,2,3,Research Director,4,Married,11159,8099,6,Y,Yes,20,2,4,80,2,3,2,2,6,3,0,1
31,No,Non-Travel,1322,Sales,14,4,Human Resources,1,945,2,Female,60,3,4,Manager,2,Married,5827,11568,0,Y,Yes,25,3,2,80,0,6,2,4,6,5,5,5
47,No,Travel_Frequently,878,Research & Development,5,4,Human Resources,1,946,3,Male,95,3,4,Laboratory Technician,3,Single,3616,6406,1,Y,No,18,1,4,80,0,35,3,3,38,36,2,36
52,No,Travel_Rarely,322,Sales,27,3,Life Sciences,1,947,4,Female,98,4,3,Sales Representative,4,Divorced,2156,6135,0,Y,No,17,4,2,80,3,29,3,4,26,24,0,23
38,No,Travel_Rarely,277,Sales,28,4,Life Sciences,1,948,4,Female,79,3,4,Manager,3,Single,16204,26410,1,Y,No,24,1,4,80,0,4,3,3,7,7,2,6
54,No,Travel_Rarely,685,Sales,3,4,Other,1,949,1,Male,59,2,4,Manager,2,Divorced,8568,6876,3,Y,No,19,2,4,80,0,20,3,3,8,4,8,4
22,No,Travel_Rarely,1447,Research & Development,28,4,Human Resources,1,950,3,Male,64,4,4,Manufacturing Director,2,Married,10388,27156,2,Y,No,23,3,3,80,2,29,1,3,27,23,13,21
36,No,Travel_Frequently,636,Research & Development,27,3,Life Sciences,1,951,1,Female,88,3,3,Manager,2,Single,11958,20377,0,Y,No,20,4,2,80,1,16,2,4,14,14,2,13
31,No,Travel_Rarely,826,Research & Development,4,3,Medical,1,952,4,Male,46,3,3,Laboratory Technician,3,Divorced,1579,6525,0,Y,No,17,3,3,80,1,10,4,2,1,0,8,0
43,No,Travel_Rarely,425,Research & Development,17,3,Human Resources,1,953,3,Male,95,4,3,Laboratory Technician,2,Single,2579,16327,1,Y,No,12,3,2,80,0,13,3,3,6,4,3,3
21,No,Travel_Rarely,186,Sales,19,4,Technical Degree,1,954,4,Female,50,2,4,Manager,4,Single,15052,14127,6,Y,No,14,1,1,80,3,18,2,2,17,14,5,13
42,No,Travel_Rarely,1121,Sales,11,4,Life Sciences,1,955,1,Male,81,4,4,Sales Representative,3,Divorced,3711,27032,4,Y,Yes,22,2,4,80,3,34,1,3,21,20,0,19
59,No,Travel_Rarely,988,Sales,8,3,Marketing,1,956,3,Female,94,3,3,Sales Executive,4,Married,4271,12992,1,Y,Yes,24,3,1,80,0,11,0,4,9,5,3,3
42,No,Travel_Rarely,1393,Sales,12,5,Human Resources,1,957,2,Male,43,4,5,Manager,4,Married,17626,15538,2,Y,No,22,2,2,80,1,36,2,1,32,32,0,32
35,No,Travel_Rarely,213,Sales,18,1,Other,1,958,3,Male,45,4,1,Sales Representative,4,Single,2977,11643,5,Y,No,18,3,4,80,0,17,1,4,6,4,1,2
57,No,Travel_Rarely,729,Research & Development,18,5,Technical Degree,1,959,2,Male,84,3,5,Research Scientist,2,Married,5694,18587,2,Y,No,19,3,4,80,2,0,2,4,2,2,3,0
25,No,Travel_Rarely,1050,Research & Development,9,5,Technical Degree,1,960,3,Male,38,1,5,Manager,3,Divorced,7637,13018,5,Y,No,17,4,1,80,0,20,4,3,13,9,6,8
56,Yes,Travel_Frequently,851,Sales,5,5,Life Sciences,1,961,4,Male,37,1,5,Sales Representative,2,Single,2589,6213,2,Y,No,15,2,4,80,2,40,2,3,35,35,3,35
57,No,Travel_Rarely,153,Research & Development,21,4,Other,1,962,2,Male,63,3,4,Research Scientist,2,Single,5061,12044,1,Y,Yes,11,3,4,80,1,22,4,3,12,10,10,9
31,No,Travel_Rarely,185,Research & Development,17,3,Life Sciences,1,963,3,Female,62,4,3,Research Director,3,Single,9060,24307,3,Y,Yes,25,4,1,80,1,18,3,3,15,15,7,13
49,No,Travel_Rarely,813,Research & Development,13,3,Human Resources,1,964,4,Male,36,3,3,Research Director,4,Single,1237,13657,2,Y,No,19,3,3,80,3,19,1,2,15,13,1,11
55,No,Travel_Rarely,832,Sales,6,4,Medical,1,965,4,Male,50,3,4,Sales Executive,1,Divorced,6599,8365,3,Y,No,22,2,4,80,1,4,3,3,4,4,2,4
50,No,Travel_Frequently,842,Research & Development,24,3,Other,1,966,2,Male,34,4,3,Manufacturing Director,2,Married,3284,23376,0,Y,No,16,3,4,80,2,23,1,3,24,24,4,22
40,No,Travel_Frequently,930,Sales,22,3,Life Sciences,1,967,4,Male,41,2,3,Manager,2,Divorced,8145,24590,2,Y,No,12,4,2,80,1,33,3,4,37,35,10,33
32,No,Non-Travel,526,Sales,14,4,Medical,1,968,2,Male,88,4,4,Manager,4,Married,6949,12635,1,Y,Yes,21,3,2,80,0,40,1,4,37,37,13,37
50,No,Non-Travel,1146,Research & Development,15,3,Life Sciences,1,969,3,Male,87,3,3,Manufacturing Director,4,Married,10718,28628,1,Y,Yes,20,4,4,80,1,40,2,4,37,36,6,35
42,No,Travel_Frequently,157,Research & Development,23,5,Marketing,1,970,4,Male,66,2,5,Laboratory Technician,1,Single,5018,25885,3,Y,No,20,3,4,80,1,38,3,3,38,35,4,35
34,No,Travel_Rarely,1416,Research & Development,14,4,Other,1,971,4,Male,74,2,4,Research Director,3,Married,11024,9459,2,Y,No,12,2,4,80,1,40,1,3,40,39,6,37
50,No,Travel_Rarely,913,Sales,4,4,Technical Degree,1,972,4,Male,54,4,4,Manager,4,Single,11171,4192,2,Y,No,20,2,4,80,2,28,1,3,25,22,1,22
19,No,Travel_Rarely,908,Sales,18,4,Medical,1,973,4,Female,56,3,4,Manager,3,Married,12102,23433,7,Y,No,11,1,3,80,1,15,2,3,12,11,1,10
31,No,Non-Travel,1110,Sales,1,5,Life Sciences,1,974,2,Male,80,3,5,Manager,3,Married,16074,21093,3,Y,No,22,2,4,80,3,27,2,3,25,22,4,20
57,Yes,Travel_Rarely,756,Research & Development,12,4,Human Resources,1,975,3,Male,71,3,4,Research Director,1,Divorced,4049,27758,2,Y,Yes,14,4,4,80,1,6,4,4,0,0,8,0
57,No,Travel_Rarely,1108,Research & Development,22,4,Technical Degree,1,976,3,Female,71,4,4,Manager,3,Married,8129,21212,2,Y,No,20,3,4,80,0,9,1,3,7,5,11,4
56,No,Non-Travel,1009,Research & Development,9,3,Technical Degree,1,977,3,Male,89,3,3,Manufacturing Director,3,Single,10409,11150,1,Y,No,21,3,2,80,0,0,2,3,3,1,2,1
23,No,Travel_Rarely,1498,Sales,10,5,Technical Degree,1,978,2,Female,87,4,5,Manager,4,Single,16364,6074,4,Y,No,23,3,4,80,3,27,2,4,20,16,6,15
23,No,Travel_Rarely,109,Research & Development,21,4,Technical Degree,1,979,3,Male,51,3,4,Research Scientist,2,Single,5296,24334,1,Y,No,12,3,2,80,0,34,2,4,21,18,7,18
20,No,Travel_Frequently,225,Research & Development,28,3,Medical,1,980,4,Male,87,2,3,Laboratory Technician,2,Married,2402,12250,3,Y,No,20,3,1,80,0,32,3,3,36,32,4,32
24,No,Travel_Frequently,1226,Research & Development,18,1,Technical Degree,1,981,4,Male,40,3,1,Manufacturing Director,2,Married,10374,2068,1,Y,No,21,4,3,80,0,13,2,3,2,0,2,0
25,No,Travel_Frequently,1091,Research & Development,17,4,Marketing,1,982,3,Male,35,2,4,Manufacturing Director,3,Divorced,11267,16015,0,Y,Yes,19,3,3,80,1,28,4,4,18,15,4,15
59,No,Travel_Frequently,936,Research & Development,19,2,Other,1,983,3,Female,51,4,2,Manager,4,Single,14585,3637,0,Y,Yes,12,3,1,80,1,0,3,2,0,0,4,0
32,No,Travel_Rarely,1218,Research & Development,4,5,Technical Degree,1,984,4,Male,41,1,5,Research Scientist,4,Married,1133,7663,2,Y,No,21,4,4,80,0,40,1,3,28,25,4,24
46,No,Travel_Rarely,867,Research & Development,16,5,Life Sciences,1,985,3,Female,56,4,5,Laboratory Technician,1,Married,3630,10393,1,Y,No,19,3,4,80,1,30,3,4,22,22,4,20
50,No,Travel_Rarely,1205,Research & Development,7,3,Medical,1,986,4,Male,30,3,3,Manufacturing Director,4,Married,9404,10457,1,Y,Yes,11,4,4,80,1,28,3,4,32,28,7,28
47,Yes,Travel_Frequently,1423,Sales,9,4,Life Sciences,1,987,2,Male,93,4,4,Sales Representative,1,Married,2535,8251,2,Y,Yes,24,4,4,80,2,40,2,1,40,36,1,36
56,No,Travel_Rarely,132,Sales,8,2,Life Sciences,1,988,3,Male,68,2,2,Sales Representative,3,Married,3168,5125,0,Y,No,17,3,3,80,2,36,0,3,22,19,2,18
44,Yes,Travel_Rarely,479,Research & Development,25,4,Marketing,1,989,4,Male,89,4,4,Manufacturing Director,4,Married,6767,25478,1,Y,No,25,2,2,80,2,15,2,3,4,0,4,0
53,No,Travel_Rarely,431,Sales,7,3,Other,1,990,4,Male,99,2,3,Manager,1,Single,8898,25889,1,Y,Yes,16,4,2,80,1,15,2,3,6,4,1,3
46,No,Travel_Rarely,1424,Research & Development,10,4,Life Sciences,1,991,3,Female,83,4,4,Research Director,1,Divorced,14531,24717,3,Y,No,16,3,3,80,0,19,1,3,5,1,12,0
55,No,Travel_Rarely,383,Research & Development,8,3,Medical,1,992,2,Female,54,3,3,Manager,2,Single,12774,2238,2,Y,No,12,1,3,80,2,20,3,4,21,18,1,16
50,No,Travel_Frequently,1137,Sales,24,2,Human Resources,1,993,4,Male,49,3,2,Manager,4,Married,8018,23430,5,Y,No,25,3,3,80,0,13,3,3,12,10,3,9
54,No,Travel_Rarely,740,Sales,17,3,Other,1,994,3,Female,65,3,3,Sales Representative,3,Married,1761,10017,1,Y,Yes,11,3,3,80,1,23,4,3,11,9,8,7
44,No,Travel_Rarely,973,Sales,12,2,Medical,1,995,4,Female,52,4,2,Sales Representative,3,Married,2225,2290,1,Y,No,20,3,2,80,3,8,3,3,3,0,0,0
50,No,Travel_Rarely,800,Research & Development,14,4,Technical Degree,1,996,3,Female,30,2,4,Research Scientist,4,Divorced,3344,29970,0,Y,No,18,4,3,80,3,19,3,2,7,4,7,4
21,Yes,Travel_Rarely,170,Research & Development,12,1,Medical,1,997,2,Male,56,4,1,Laboratory Technician,4,Divorced,3653,8464,7,Y,Yes,18,4,1,80,3,35,3,3,36,32,4,30
39,No,Travel_Rarely,942,Sales,25,3,Life Sciences,1,998,1,Female,81,3,3,Sales Executive,4,Divorced,8019,3808,2,Y,No,12,4,4,80,3,37,6,3,30,30,0,30
19,No,Travel_Rarely,124,Research & Development,2,5,Life Sciences,1,999,3,Male,31,4,5,Research Scientist,3,Married,5154,12281,2,Y,Yes,14,1,1,80,3,40,2,4,36,36,9,36
27,No,Non-Travel,438,Research & Development,12,4,Life Sciences,1,1000,2,Female,50,4,4,Laboratory Technician,1,Married,2712,19338,6,Y,No,23,3,3,80,2,21,2,3,25,23,0,22
22,Yes,Travel_Frequently,528,Sales,27,5,Medical,1,1001,2,Male,38,2,5,Sales Representative,2,Married,3828,25416,1,Y,No,23,3,2,80,0,21,1,3,7,3,3,1
27,No,Travel_Frequently,946,Sales,14,5,Human Resources,1,1002,3,Male,77,3,5,Manager,4,Divorced,16420,3930,1,Y,Yes,14,2,4,80,3,37,2,3,39,39,0,37
50,No,Travel_Rarely,310,Sales,7,2,Technical Degree,1,1003,3,Female,68,2,2,Sales Executive,4,Married,6454,8989,3,Y,Yes,25,4,3,80,3,39,1,3,32,31,0,31
55,No,Travel_Frequently,316,Research & Development,29,2,Medical,1,1004,2,Male,71,3,2,Research Director,4,Divorced,6903,14272,4,Y,No,12,3,2,80,0,38,2,2,28,28,8,28
30,No,Travel_Frequently,736,Sales,26,4,Medical,1,1005,2,Female,74,3,4,Sales Executive,2,Divorced,7210,26859,3,Y,Yes,21,4,3,80,1,4,2,4,4,0,6,0
48,No,Non-Travel,524,Research & Development,26,5,Life Sciences,1,1006,4,Female,31,4,5,Research Director,2,Married,16480,10998,4,Y,No,19,1,4,80,0,29,5,4,27,23,1,21
53,No,Travel_Rarely,174,Research & Development,13,5,Technical Degree,1,1007,2,Female,96,4,5,Manager,2,Single,8190,16517,2,Y,No,22,4,4,80,3,40,5,2,39,39,4,38
41,No,Travel_Rarely,924,Research & Development,21,1,Technical Degree,1,1008,3,Male,72,1,1,Manufacturing Director,2,Single,6737,9779,5,Y,No,24,2,2,80,1,23,3,4,16,12,6,11
32,No,Travel_Rarely,887,Research & Development,4,3,Life Sciences,1,1009,3,Female,47,3,3,Manufacturing Director,3,Divorced,8137,23514,2,Y,No,14,2,4,80,0,20,2,3,22,18,8,17
46,No,Non-Travel,1039,Research & Development,1,3,Life Sciences,1,1010,4,Male,68,3,3,Research Scientist,4,Single,5231,12098,1,Y,No,14,3,1,80,0,4,4,3,8,7,3,5
25,Yes,Travel_Rarely,1399,Sales,17,4,Marketing,1,1011,3,Male,35,3,4,Manager,3,Divorced,4851,17080,2,Y,Yes,25,3,2,80,3,4,4,4,1,0,8,0
22,No,Travel_Rarely,1358,Research & Development,3,4,Medical,1,1012,2,Female,71,1,4,Research Director,3,Married,13917,24969,3,Y,Yes,25,3,3,80,1,40,5,3,31,27,3,25
46,No,Travel_Rarely,1166,Research & Development,17,2,Medical,1,1013,1,Male,81,4,2,Research Scientist,3,Married,6244,4676,3,Y,Yes,14,4,2,80,1,40,3,1,30,27,5,26
21,No,Travel_Frequently,390,Research & Development,8,3,Marketing,1,1014,4,Male,56,4,3,Manager,1,Divorced,10470,17783,1,Y,No,15,3,4,80,1,8,2,3,6,4,12,4
29,No,Non-Travel,656,Research & Development,3,4,Medical,1,1015,4,Female,44,3,4,Research Scientist,4,Married,8153,21955,0,Y,No,20,3,4,80,0,38,1,2,29,27,1,26
19,Yes,Travel_Frequently,1395,Research & Development,27,4,Life Sciences,1,1016,3,Male,48,3,4,Research Scientist,3,Married,6157,14863,1,Y,No,22,2,1,80,0,5,5,1,2,0,1,0
44,No,Travel_Frequently,540,Sales,10,1,Medical,1,1017,2,Male,91,3,1,Sales Representative,2,Married,4057,5759,8,Y,No,22,3,2,80,1,19,1,3,8,8,2,6
48,No,Travel_Rarely,1439,Sales,2,5,Medical,1,1018,3,Female,93,4,5,Sales Representative,3,Married,4068,16789,0,Y,No,18,3,3,80,1,5,2,3,9,8,1,8
53,No,Travel_Rarely,129,Research & Development,22,4,Other,1,1019,3,Male,80,1,4,Research Scientist,3,Divorced,6064,11810,2,Y,Yes,14,3,3,80,1,25,2,4,25,21,1,21
53,Yes,Non-Travel,371,Sales,4,4,Human Resources,1,1020,4,Female,76,3,4,Manager,1,Single,11921,15214,2,Y,Yes,13,3,4,80,1,0,0,3,0,0,5,0
43,No,Travel_Frequently,175,Research & Development,29,4,Other,1,1021,1,Female,86,4,4,Manufacturing Director,2,Divorced,7709,7121,5,Y,No,21,3,4,80,0,40,5,2,29,26,3,24
60,No,Travel_Rarely,775,Research & Development,29,3,Technical Degree,1,1022,3,Female,49,2,3,Laboratory Technician,3,Divorced,2509,15553,3,Y,No,11,2,3,80,3,33,2,3,37,36,2,36
44,No,Travel_Rarely,347,Sales,14,2,Marketing,1,1023,2,Female,49,3,2,Manager,2,Married,9921,11000,5,Y,No,12,3,2,80,0,26,0,4,14,13,2,11
22,No,Travel_Rarely,511,Research & Development,11,4,Marketing,1,1024,3,Male,93,2,4,Manager,2,Married,10880,17419,2,Y,No,14,3,4,80,0,28,6,3,24,23,1,23
37,No,Travel_Rarely,599,Human Resources,14,2,Human Resources,1,1025,3,Male,67,4,2,Manager,3,Married,12235,22170,5,Y,No,19,3,2,80,0,9,2,4,5,2,2,1
28,No,Travel_Rarely,1113,Research & Development,13,4,Life Sciences,1,1026,4,Female,67,3,4,Research Director,3,Married,14794,2941,1,Y,Yes,25,4,4,80,0,17,4,3,17,17,4,16
27,No,Travel_Rarely,312,Sales,27,4,Medical,1,1027,3,Female,94,4,4,Sales Representative,3,Divorced,1107,26615,1,Y,No,24,3,1,80,0,6,2,4,0,0,0,0
57,Yes,Non-Travel,893,Research & Development,29,4,Marketing,1,1028,3,Male,34,4,4,Research Scientist,4,Single,6315,3338,4,Y,No,11,3,3,80,1,13,3,3,2,1,12,1
55,No,Travel_Rarely,1348,Research & Development,4,3,Marketing,1,1029,2,Male,93,4,3,Manufacturing Director,3,Single,5571,23036,1,Y,Yes,16,3,1,80,2,23,2,2,16,15,2,14
23,No,Travel_Rarely,461,Research & Development,2,3,Life Sciences,1,1030,2,Male,56,3,3,Research Director,3,Married,9686,3321,5,Y,No,16,4,3,80,0,21,3,3,7,7,10,6
25,No,Travel_Rarely,683,Sales,2,4,Marketing,1,1031,1,Male,49,4,4,Sales Representative,4,Married,2348,20038,1,Y,No,20,3,3,80,1,40,2,3,39,38,0,38
40,No,Travel_Frequently,1145,Research & Development,11,1,Technical Degree,1,1032,2,Female,89,2,1,Laboratory Technician,3,Married,5446,15204,1,Y,No,13,3,4,80,3,20,5,3,16,15,6,13
43,Yes,Travel_Rarely,524,Sales,22,4,Medical,1,1033,1,Male,69,3,4,Sales Representative,2,Married,2550,5068,1,Y,Yes,20,3,4,80,0,20,1,3,24,21,4,19
60,Yes,Travel_Rarely,222,Research & Development,5,4,Technical Degree,1,1034,4,Female,35,1,4,Manufacturing Director,2,Married,9251,23122,2,Y,Yes,19,2,3,80,2,36,2,1,40,38,7,38
29,No,Travel_Rarely,274,Research & Development,9,3,Medical,1,1035,3,Female,65,4,3,Manufacturing Director,4,Married,9375,8593,0,Y,Yes,24,2,2,80,0,12,4,3,11,11,4,9
43,No,Travel_Rarely,135,Research & Development,20,4,Human Resources,1,1036,2,Male,94,4,4,Manufacturing Director,4,Single,5215,10586,0,Y,Yes,20,4,4,80,0,28,2,4,28,28,11,27
30,No,Travel_Rarely,1019,Research & Development,21,3,Medical,1,1037,2,Female,40,4,3,Research Scientist,4,Married,4369,2791,5,Y,No,13,3,4,80,1,19,3,4,24,24,4,23
57,No,Travel_Rarely,172,Sales,17,3,Marketing,1,1038,3,Male,78,4,3,Sales Representative,3,Single,4083,16423,6,Y,No,11,4,2,80,0,40,3,3,35,32,6,30
35,No,Travel_Rarely,646,Research & Development,12,5,Life Sciences,1,1039,3,Male,57,4,5,Manager,4,Single,8856,25060,0,Y,No,12,2,4,80,3,31,1,1,24,21,8,21
42,No,Travel_Rarely,875,Sales,28,5,Life Sciences,1,1040,2,Female,51,4,5,Manager,1,Married,14984,12136,2,Y,No,25,3,4,80,0,34,0,2,28,24,5,23
50,No,Travel_Rarely,885,Research & Development,18,3,Marketing,1,1041,3,Female,76,4,3,Research Director,3,Single,9006,17747,2,Y,Yes,25,4,3,80,1,23,5,4,10,7,3,6
57,No,Non-Travel,1069,Research & Development,3,5,Medical,1,1042,4,Female,95,3,5,Laboratory Technician,4,Single,4721,2743,1,Y,No,14,2,2,80,1,6,2,4,3,3,1,2
60,No,Travel_Frequently,636,Sales,5,3,Medical,1,1043,3,Male,54,2,3,Manager,2,Single,18290,8524,2,Y,No,14,3,3,80,0,17,2,4,13,9,7,7
29,No,Travel_Rarely,115,Research & Development,28,3,Life Sciences,1,1044,3,Male,96,3,3,Research Director,2,Divorced,3976,15866,2,Y,No,12,4,3,80,2,40,3,3,37,35,3,35
53,No,Travel_Rarely,1431,Research & Development,21,3,Other,1,1045,4,Female,61,3,3,Research Scientist,3,Divorced,2693,8574,2,Y,Yes,20,4,4,80,1,28,2,4,16,15,4,13
21,Yes,Travel_Rarely,372,Human Resources,20,5,Technical Degree,1,1046,1,Male,46,4,5,Human Resources,4,Married,4776,18315,3,Y,No,16,4,3,80,2,3,3,4,1,0,0,0
22,Yes,Travel_Rarely,1178,Sales,14,3,Life Sciences,1,1047,2,Male,69,4,3,Manager,1,Divorced,17275,14564,2,Y,No,25,4,4,80,2,8,2,3,7,3,3,3
54,No,Non-Travel,564,Research & Development,16,4,Marketing,1,1048,3,Male,59,4,4,Research Director,3,Divorced,11597,2193,1,Y,No,16,3,3,80,0,38,4,4,35,33,5,31
25,Yes,Travel_Rarely,624,Research & Development,26,4,Other,1,1049,4,Female,88,3,4,Manager,2,Married,7518,9894,2,Y,Yes,13,3,2,80,1,13,2,2,9,8,4,7
59,No,Non-Travel,871,Research & Development,19,4,Marketing,1,1050,3,Male,57,2,4,Research Scientist,3,Single,5416,6274,2,Y,No,11,3,4,80,0,12,2,3,6,2,2,2
45,No,Non-Travel,956,Research & Development,9,3,Life Sciences,1,1051,2,Female,76,3,3,Research Scientist,4,Married,3266,16332,3,Y,No,20,4,3,80,0,40,4,4,35,32,1,30
48,Yes,Travel_Rarely,893,Sales,17,3,Marketing,1,1052,4,Female,52,2,3,Sales Executive,2,Married,8828,22281,2,Y,Yes,19,3,2,80,0,24,2,2,15,15,2,14
26,No,Travel_Rarely,1449,Sales,22,2,Life Sciences,1,1053,3,Male,86,3,2,Sales Executive,1,Married,8131,26793,3,Y,No,14,3,3,80,3,11,2,4,13,11,5,11
46,No,Travel_Rarely,544,Research & Development,7,4,Life Sciences,1,1054,4,Male,30,4,4,Manager,3,Married,8694,5582,1,Y,Yes,19,3,1,80,1,13,4,3,15,14,1,14
31,No,Travel_Rarely,352,Research & Development,10,4,Life Sciences,1,1055,4,Male,58,3,4,Manager,3,Married,11762,23467,1,Y,No,15,3,4,80,0,19,3,4,24,24,4,23
57,No,Travel_Frequently,261,Research & Development,4,4,Medical,1,1056,3,Female,79,3,4,Laboratory Technician,2,Married,4785,17418,3,Y,No,17,3,3,80,0,40,2,4,40,36,4,36
58,Yes,Travel_Rarely,137,Research & Development,10,4,Life Sciences,1,1057,4,Male,93,2,4,Manager,3,Divorced,5188,17705,3,Y,Yes,13,3,4,80,0,0,2,4,3,2,12,0
39,No,Travel_Rarely,981,Research & Development,3,2,Human Resources,1,1058,4,Male,66,3,2,Manager,4,Married,13083,14844,1,Y,No,25,3,2,80,0,37,4,4,28,28,0,28
28,No,Non-Travel,1323,Research & Development,24,5,Medical,1,1059,4,Male,90,4,5,Laboratory Technician,2,Married,2337,10129,1,Y,Yes,13,3,4,80,1,16,1,3,5,2,0,2
40,Yes,Non-Travel,1371,Research & Development,9,4,Life Sciences,1,1060,2,Female,36,4,4,Manufacturing Director,2,Married,7961,13682,3,Y,No,18,3,3,80,0,1,5,1,0,0,3,0
18,No,Travel_Rarely,494,Research & Development,13,2,Medical,1,1061,4,Male,93,2,2,Research Scientist,3,Married,5117,23727,1,Y,No,11,2,3,80,0,38,1,4,38,34,3,32
54,No,Travel_Frequently,1329,Research & Development,1,3,Life Sciences,1,1062,1,Female,47,4,3,Manager,3,Married,19247,25901,0,Y,No,18,3,4,80,2,6,4,3,0,0,0,0
38,No,Travel_Rarely,145,Research & Development,15,4,Medical,1,1063,4,Female,58,3,4,Research Scientist,1,Single,4464,13007,2,Y,No,18,3,3,80,3,40,2,4,39,36,7,34
43,Yes,Travel_Frequently,416,Research & Development,15,5,Medical,1,1064,3,Male,89,4,5,Research Director,3,Married,14396,26173,0,Y,No,13,3,4,80,1,0,1,2,2,0,3,0
53,No,Travel_Rarely,509,Research & Development,11,3,Life Sciences,1,1065,2,Female,83,2,3,Research Scientist,4,Single,3365,5903,1,Y,No,11,3,1,80,2,8,2,4,0,0,2,0
40,No,Non-Travel,996,Research & Development,28,4,Life Sciences,1,1066,1,Male,50,4,4,Laboratory Technician,2,Married,2980,14115,1,Y,No,19,3,3,80,0,0,2,3,0,0,2,0
18,No,Travel_Rarely,307,Research & Development,10,2,Medical,1,1067,3,Female,50,1,2,Research Scientist,3,Married,5292,20169,4,Y,Yes,14,3,4,80,2,37,1,4,38,37,8,35
57,No,Travel_Rarely,1366,Research & Development,25,1,Life Sciences,1,1068,3,Female,87,4,1,Research Scientist,1,Married,4772,14364,1,Y,Yes,17,4,4,80,0,15,2,4,20,18,1,18
32,No,Travel_Rarely,142,Sales,7,4,Technical Degree,1,1069,2,Female,78,4,4,Sales Executive,3,Single,6310,9962,2,Y,No,19,3,3,80,2,24,4,2,29,25,1,24
38,No,Travel_Rarely,689,Sales,1,4,Marketing,1,1070,2,Male,65,3,4,Manager,3,Married,10720,14025,3,Y,No,13,4,4,80,3,31,1,3,31,31,1,29
26,No,Travel_Rarely,815,Sales,7,4,Marketing,1,1071,3,Male,46,4,4,Manager,3,Single,16799,27758,2,Y,No,15,3,3,80,2,31,5,4,32,28,4,28
26,Yes,Non-Travel,1488,Research & Development,5,3,Medical,1,1072,3,Male,82,1,3,Research Director,3,Divorced,9134,18907,0,Y,Yes,20,3,3,80,2,17,0,4,21,19,7,19
27,No,Travel_Frequently,999,Sales,26,1,Marketing,1,1073,3,Male,44,4,1,Sales Representative,2,Divorced,2081,5296,3,Y,No,21,3,3,80,1,28,3,3,29,29,2,27
43,No,Travel_Frequently,196,Sales,29,3,Human Resources,1,1074,4,Male,69,3,3,Sales Executive,4,Divorced,5204,25340,0,Y,No,23,3,3,80,0,6,4,4,3,0,1,0
58,No,Travel_Frequently,641,Research & Development,29,1,Life Sciences,1,1075,3,Male,80,4,1,Research Scientist,3,Divorced,5404,22863,0,Y,No,13,3,3,80,1,35,5,3,22,22,1,20
52,No,Non-Travel,1269,Research & Development,23,2,Life Sciences,1,1076,1,Male,94,4,2,Research Scientist,2,Married,7546,9711,0,Y,No,15,3,3,80,1,33,1,3,24,24,4,24
42,No,Travel_Frequently,160,Sales,16,3,Life Sciences,1,1077,3,Male,42,2,3,Sales Executive,4,Single,5899,7685,1,Y,No,21,3,4,80,0,18,3,4,11,11,1,10
43,No,Travel_Rarely,955,Research & Development,28,3,Life Sciences,1,1078,4,Female,67,3,3,Manufacturing Director,1,Married,13156,8647,4,Y,No,12,2,2,80,1,22,1,3,16,14,8,13
28,No,Travel_Frequently,610,Research & Development,25,3,Life Sciences,1,1079,1,Male,55,3,3,Research Director,4,Married,9967,26944,3,Y,No,14,2,2,80,2,13,2,3,14,13,0,11
55,No,Travel_Rarely,614,Sales,8,4,Marketing,1,1080,3,Male,44,4,4,Manager,3,Married,10992,9794,1,Y,No,22,4,1,80,0,5,3,4,9,7,0,7
19,No,Non-Travel,900,Sales,22,2,Medical,1,1081,3,Male,34,4,2,Sales Executive,3,Divorced,5088,7590,7,Y,Yes,12,3,3,80,1,32,2,3,34,33,0,33
24,No,Travel_Rarely,1147,Research & Development,2,2,Human Resources,1,1082,4,Male,31,1,2,Laboratory Technician,2,Single,3292,22767,1,Y,No,13,3,3,80,2,40,2,2,28,25,7,23
35,No,Travel_Rarely,839,Research & Development,8,4,Life Sciences,1,1083,3,Female,94,3,4,Research Scientist,2,Divorced,3479,2398,2,Y,No,25,4,1,80,0,15,1,3,11,8,4,8
44,No,Travel_Rarely,1329,Research & Development,28,2,Life Sciences,1,1084,4,Male,89,4,2,Research Director,1,Married,7490,20535,4,Y,No,15,3,3,80,1,7,1,3,0,0,11,0
51,No,Travel_Rarely,800,Sales,14,4,Human Resources,1,1085,3,Female,85,3,4,Sales Executive,4,Married,3530,7430,4,Y,No,19,2,3,80,3,6,1,3,0,0,2,0
44,No,Travel_Rarely,988,Research & Development,4,2,Other,1,1086,4,Female,67,4,2,Research Director,3,Single,15298,5880,0,Y,Yes,13,2,4,80,3,5,4,4,9,6,1,4
34,No,Non-Travel,572,Research & Development,24,3,Medical,1,1087,3,Female,86,1,3,Manufacturing Director,3,Single,10554,2126,3,Y,No,20,3,4,80,1,26,0,2,17,13,3,11
60,No,Travel_Rarely,385,Sales,15,3,Medical,1,1088,3,Female,80,3,3,Sales Executive,4,Married,7570,20471,1,Y,No,16,3,3,80,0,9,3,4,1,0,3,0
41,No,Travel_Rarely,473,Research & Development,7,2,Other,1,1089,3,Female,70,4,2,Research Director,4,Married,9567,29719,1,Y,No,14,3,2,80,0,11,4,4,7,6,4,5
42,No,Travel_Rarely,1457,Sales,20,4,Medical,1,1090,4,Female,99,3,4,Manager,3,Single,11979,20154,2,Y,No,14,3,1,80,0,23,3,4,21,18,2,17
24,No,Travel_Rarely,1152,Research & Development,8,5,Life Sciences,1,1091,1,Female,81,4,5,Manufacturing Director,3,Married,6135,9025,4,Y,No,21,4,4,80,0,30,3,3,21,17,0,15
23,No,Travel_Rarely,956,Research & Development,27,2,Other,1,1092,2,Male,30,2,2,Research Director,1,Divorced,6598,17280,0,Y,Yes,23,2,4,80,3,32,3,3,25,21,0,21
41,No,Travel_Rarely,230,Research & Development,11,3,Medical,1,1093,4,Female,47,3,3,Research Director,4,Divorced,12152,14245,0,Y,No,25,3,2,80,3,27,2,3,25,21,4,21
50,No,Travel_Rarely,608,Research & Development,28,4,Life Sciences,1,1094,3,Male,56,4,4,Manager,4,Divorced,11055,26822,0,Y,No,25,4,2,80,2,16,2,4,8,6,3,4
46,No,Travel_Rarely,1220,Research & Development,27,3,Medical,1,1095,2,Female,71,3,3,Manufacturing Director,1,Married,8781,7925,1,Y,No,20,2,4,80,1,15,5,3,20,17,7,17
60,No,Travel_Rarely,679,Research & Development,2,4,Medical,1,1096,2,Male,35,2,4,Research Scientist,3,Single,2255,21702,0,Y,No,20,4,3,80,0,37,5,3,30,26,2,26
39,No,Travel_Frequently,1302,Sales,9,3,Other,1,1097,3,Male,53,4,3,Sales Representative,4,Married,2716,16647,6,Y,No,23,3,3,80,1,7,3,3,5,1,7,0
43,No,Travel_Rarely,574,Sales,6,5,Life Sciences,1,1098,3,Male,74,4,5,Sales Executive,2,Married,4577,4081,1,Y,No,15,2,2,80,1,25,1,4,13,10,2,10
45,No,Travel_Rarely,1109,Human Resources,23,3,Other,1,1099,4,Male,36,4,3,Manager,3,Single,13742,4057,0,Y,No,25,3,3,80,1,35,2,2,32,30,0,30
38,No,Travel_Rarely,1400,Research & Development,26,3,Medical,1,1100,1,Male,45,4,3,Manufacturing Director,2,Single,10388,7287,2,Y,No,21,3,4,80,2,13,2,4,6,2,12,0
24,No,Travel_Rarely,769,Research & Development,1,5,Medical,1,1101,4,Male,87,2,5,Research Director,3,Married,14379,7903,4,Y,No,17,4,4,80,2,20,4,2,23,22,3,21
34,No,Travel_Rarely,421,Research & Development,3,4,Life Sciences,1,1102,3,Male,86,2,4,Manufacturing Director,1,Single,6490,7335,3,Y,Yes,21,3,4,80,2,20,3,3,8,8,4,7
37,No,Travel_Rarely,159,Sales,10,3,Technical Degree,1,1103,2,Male,71,1,3,Manager,2,Married,7939,4989,3,Y,No,24,3,3,80,1,14,3,3,10,10,5,10
58,No,Non-Travel,374,Research & Development,5,4,Human Resources,1,1104,3,Female,43,4,4,Laboratory Technician,2,Single,3060,9575,0,Y,No,14,2,4,80,2,21,3,2,22,22,2,20
37,No,Travel_Rarely,1323,Human Resources,12,4,Medical,1,1105,4,Male,85,4,4,Manager,4,Single,9482,16063,4,Y,Yes,18,3,3,80,0,1,0,4,1,0,5,0
39,No,Travel_Rarely,1204,Research & Development,23,2,Life Sciences,1,1106,1,Male,41,4,2,Laboratory Technician,3,Married,3952,7721,2,Y,Yes,22,3,2,80,2,16,4,3,14,10,8,9
45,No,Travel_Rarely,1083,Human Resources,1,4,Medical,1,1107,4,Female,44,4,4,Manager,3,Married,6949,25462,2,Y,No,23,2,4,80,0,35,2,2,34,34,2,34
57,No,Travel_Rarely,142,Sales,9,2,Technical Degree,1,1108,4,Male,37,3,2,Sales Executive,3,Married,3315,17377,7,Y,No,19,4,3,80,0,40,3,4,35,35,4,34
24,No,Travel_Rarely,839,Sales,21,4,Life Sciences,1,1109,2,Male,87,2,4,Sales Executive,2,Single,6272,18723,4,Y,No,19,3,3,80,0,35,1,4,27,24,6,22
18,No,Travel_Rarely,1370,Research & Development,13,5,Marketing,1,1110,2,Female,82,2,5,Laboratory Technician,4,Single,4262,4728,4,Y,Yes,19,2,4,80,0,40,1,4,38,34,1,32
49,No,Non-Travel,1148,Research & Development,28,3,Marketing,1,1111,2,Female,38,2,3,Manager,4,Married,8301,19975,0,Y,Yes,12,3,4,80,3,7,0,3,3,0,2,0
30,No,Travel_Rarely,810,Research & Development,19,3,Life Sciences,1,1112,4,Male,75,3,3,Manager,3,Married,15056,26227,2,Y,No,13,4,3,80,1,15,5,3,9,6,0,4
47,No,Travel_Rarely,337,Research & Development,7,1,Medical,1,1113,2,Male,36,3,1,Research Director,3,Married,11096,24167,6,Y,Yes,15,2,1,80,3,6,3,2,5,1,4,0
40,No,Travel_Frequently,227,Research & Development,26,1,Life Sciences,1,1114,4,Female,73,4,1,Research Scientist,3,Married,6588,5161,2,Y,No,22,2,3,80,0,30,2,4,29,28,6,28
36,No,Travel_Rarely,879,Research & Development,16,5,Technical Degree,1,1115,3,Female,43,2,5,Research Director,2,Divorced,7593,11500,0,Y,No,11,2,4,80,0,39,4,3,34,32,4,31
49,No,Travel_Rarely,937,Research & Development,8,2,Marketing,1,1116,4,Male,35,4,2,Research Scientist,1,Married,2331,10175,3,Y,No,14,1,2,80,1,16,3,4,9,6,1,5
47,No,Travel_Rarely,241,Research & Development,26,3,Medical,1,1117,3,Female,64,3,3,Laboratory Technician,3,Married,4128,6629,0,Y,No,21,3,4,80,0,40,3,4,31,31,3,31
46,No,Travel_Rarely,980,Research & Development,26,4,Medical,1,1118,3,Male,99,4,4,Manager,4,Married,13007,29914,3,Y,Yes,24,3,1,80,1,14,2,4,2,0,7,0
46,No,Travel_Frequently,495,Research & Development,19,5,Life Sciences,1,1119,4,Male,90,4,5,Manager,2,Married,12728,16768,5,Y,No,24,3,3,80,1,26,0,4,25,24,2,24
47,No,Travel_Rarely,929,Human Resources,7,3,Other,1,1120,4,Male,53,4,3,Manager,3,Married,8227,8901,1,Y,No,15,3,3,80,2,14,2,3,14,13,7,13
33,Yes,Travel_Rarely,228,Research & Development,23,4,Medical,1,1121,3,Female,31,3,4,Research Director,1,Married,12325,12890,1,Y,No,19,4,2,80,1,21,1,2,16,14,6,12
57,No,Travel_Frequently,1239,Research & Development,4,4,Medical,1,1122,3,Male,80,2,4,Research Director,2,Divorced,8099,13315,1,Y,Yes,18,3,4,80,1,28,3,2,26,25,0,23
36,No,Travel_Rarely,938,Research & Development,10,5,Medical,1,1123,3,Female,60,3,5,Manufacturing Director,3,Single,8484,17426,5,Y,No,11,4,3,80,0,31,2,3,17,13,1,13
35,No,Travel_Rarely,626,Sales,25,4,Medical,1,1124,3,Male,56,2,4,Manager,2,Single,10345,4297,2,Y,No,24,3,2,80,2,13,2,3,18,14,3,13
18,No,Travel_Rarely,1353,Research & Development,1,4,Life Sciences,1,1125,3,Male,60,3,4,Research Scientist,4,Single,4978,23834,2,Y,Yes,23,3,3,80,2,13,2,2,11,10,5,9
31,No,Travel_Frequently,247,Research & Development,17,1,Life Sciences,1,1126,3,Male,99,3,1,Research Director,3,Divorced,6414,17239,3,Y,No,22,3,4,80,1,25,1,3,23,19,8,18
19,Yes,Travel_Frequently,1288,Research & Development,21,2,Life Sciences,1,1127,4,Female,72,3,2,Laboratory Technician,2,Single,4024,16750,1,Y,Yes,13,3,2,80,0,17,5,3,4,0,4,0
45,No,Travel_Rarely,836,Research & Development,13,4,Technical Degree,1,1128,3,Male,81,4,4,Research Director,3,Divorced,11972,25674,1,Y,No,24,4,4,80,1,20,5,1,23,23,2,21
47,No,Travel_Frequently,829,Research & Development,19,5,Life Sciences,1,1129,1,Male,43,3,5,Manager,4,Married,12417,15513,3,Y,No,24,2,2,80,3,25,1,3,26,23,1,21
55,No,Travel_Frequently,270,Sales,26,5,Life Sciences,1,1130,3,Female,88,4,5,Sales Executive,1,Divorced,10452,28629,8,Y,No,13,3,2,80,0,26,4,2,29,25,6,23
21,No,Non-Travel,1250,Human Resources,13,5,Technical Degree,1,1131,1,Male,49,3,5,Human Resources,3,Divorced,5841,23328,0,Y,No,21,3,2,80,2,23,2,3,14,10,1,8
18,No,Travel_Rarely,401,Research & Development,9,3,Life Sciences,1,1132,2,Female,81,3,3,Manufacturing Director,4,Married,10205,28085,0,Y,No,16,3,2,80,1,40,4,2,37,35,5,34
25,No,Travel_Frequently,1375,Research & Development,5,4,Marketing,1,1133,3,Male,69,3,4,Research Scientist,1,Single,4624,7318,1,Y,No,14,3,3,80,1,40,1,4,33,30,1,29
46,No,Travel_Rarely,1039,Research & Development,23,4,Medical,1,1134,3,Female,97,4,4,Manager,4,Single,14985,22191,3,Y,No,14,3,4,80,3,37,1,2,26,23,0,21
56,No,Non-Travel,623,Research & Development,1,4,Life Sciences,1,1135,4,Male,73,4,4,Manager,2,Single,6480,18396,1,Y,Yes,11,3,1,80,1,31,4,4,19,16,1,16
20,No,Travel_Rarely,206,Research & Development,2,3,Medical,1,1136,4,Female,35,4,3,Manager,2,Married,12118,22418,9,Y,No,22,4,2,80,2,36,4,3,40,39,1,37
49,No,Travel_Rarely,719,Research & Development,11,3,Life Sciences,1,1137,1,Male,86,3,3,Manager,3,Single,7943,23914,0,Y,No,20,3,2,80,1,37,2,3,31,31,4,29
27,No,Travel_Frequently,1070,Human Resources,28,5,Other,1,1138,3,Male,87,1,5,Manager,2,Married,12505,17480,0,Y,No,23,3,3,80,0,13,4,3,3,3,1,3
27,Yes,Travel_Frequently,607,Sales,4,3,Medical,1,1139,4,Male,59,2,3,Sales Representative,3,Married,3345,28156,0,Y,No,22,1,4,80,2,2,3,3,4,2,10,0
36,Yes,Travel_Rarely,403,Research & Development,9,5,Life Sciences,1,1140,2,Male,81,3,5,Manufacturing Director,3,Divorced,9937,21817,5,Y,No,21,3,4,80,3,3,1,2,7,4,3,3
51,No,Travel_Rarely,754,Research & Development,5,3,Life Sciences,1,1141,4,Male,40,4,3,Manager,1,Single,13763,6633,0,Y,No,14,3,1,80,2,29,2,4,21,18,3,18
50,No,Travel_Rarely,1355,Research & Development,5,4,Medical,1,1142,4,Female,76,4,4,Manager,4,Single,10787,4051,2,Y,No,11,3,4,80,0,11,1,4,6,2,2,2
40,No,Travel_Rarely,165,Research & Development,25,4,Life Sciences,1,1143,4,Male,34,3,4,Research Director,3,Single,7739,5876,1,Y,No,25,3,3,80,0,28,4,4,21,20,3,18
45,No,Travel_Rarely,691,Research & Development,8,4,Life Sciences,1,1144,3,Female,32,4,4,Manufacturing Director,3,Divorced,2377,7908,3,Y,No,15,1,3,80,1,30,6,4,29,28,0,27
49,No,Travel_Rarely,333,Research & Development,2,3,Medical,1,1145,4,Female,44,3,3,Research Scientist,3,Married,4592,24514,0,Y,No,23,2,3,80,1,40,3,3,36,34,14,33
24,Yes,Travel_Rarely,1308,Sales,7,5,Other,1,1146,4,Female,31,1,5,Manager,2,Single,16096,8427,3,Y,Yes,13,3,4,80,0,10,3,3,15,15,3,14
46,No,Travel_Rarely,420,Sales,17,4,Medical,1,1147,4,Male,31,3,4,Manager,3,Single,12390,15009,1,Y,Yes,23,2,3,80,0,12,3,4,14,11,0,9
25,No,Travel_Rarely,930,Research & Development,26,3,Technical Degree,1,1148,3,Male,83,3,3,Manufacturing Director,4,Single,7796,17351,6,Y,No,20,3,2,80,2,16,2,4,4,2,4,0
18,No,Non-Travel,193,Sales,27,4,Other,1,1149,4,Female,75,4,4,Sales Representative,2,Single,3128,3823,4,Y,Yes,15,3,3,80,2,2,2,3,2,1,2,0
20,No,Travel_Rarely,1062,Research & Development,11,3,Life Sciences,1,1150,3,Female,70,3,3,Manager,3,Divorced,10604,21814,1,Y,No,24,3,3,80,2,18,2,4,22,21,0,19
41,No,Travel_Rarely,165,Research & Development,15,3,Technical Degree,1,1151,2,Male,98,4,3,Manager,3,Divorced,12701,4740,9,Y,No,13,3,2,80,3,6,3,3,9,8,9,7
40,No,Non-Travel,945,Research & Development,25,3,Technical Degree,1,1152,3,Male,59,3,3,Laboratory Technician,3,Married,3074,3788,0,Y,Yes,15,4,3,80,0,12,4,3,4,1,0,0
25,No,Travel_Rarely,320,Research & Development,3,5,Medical,1,1153,4,Male,73,3,5,Research Scientist,4,Divorced,3286,20336,4,Y,No,14,3,4,80,3,24,2,4,22,19,4,19
54,Yes,Travel_Rarely,805,Research & Development,13,3,Human Resources,1,1154,4,Female,39,3,3,Research Director,1,Single,9774,17641,1,Y,No,19,4,3,80,2,24,2,4,14,11,11,11
20,No,Travel_Rarely,720,Research & Development,18,4,Life Sciences,1,1155,4,Male,59,4,4,Manufacturing Director,2,Married,7766,12896,1,Y,No,24,3,3,80,3,30,4,4,17,13,1,11
50,No,Travel_Rarely,348,Sales,20,3,Life Sciences,1,1156,3,Male,78,4,3,Sales Executive,1,Divorced,10937,27527,0,Y,No,16,3,4,80,0,36,1,3,24,24,1,22
45,No,Travel_Rarely,1065,Research & Development,20,3,Technical Degree,1,1157,3,Female,64,4,3,Research Scientist,3,Married,3412,14915,2,Y,No,22,3,4,80,0,7,3,3,7,6,0,5
25,No,Travel_Rarely,1115,Research & Development,3,5,Medical,1,1158,4,Male,94,3,5,Laboratory Technician,2,Married,3332,21804,0,Y,No,25,3,3,80,2,38,1,2,30,29,0,29
51,No,Non-Travel,158,Research & Development,2,4,Medical,1,1159,3,Male,46,3,4,Research Director,4,Single,9230,21411,2,Y,Yes,24,3,3,80,3,17,3,4,20,16,0,15
52,Yes,Travel_Rarely,1170,Sales,5,5,Life Sciences,1,1160,4,Female,60,3,5,Sales Representative,4,Single,2597,5101,1,Y,No,20,3,4,80,2,11,4,3,1,0,7,0
49,No,Travel_Frequently,1211,Research & Development,20,3,Technical Degree,1,1161,3,Female,99,2,3,Manufacturing Director,1,Single,9231,7873,3,Y,No,12,3,2,80,2,16,2,3,21,20,7,19
41,No,Travel_Rarely,1163,Human Resources,5,2,Technical Degree,1,1162,4,Male,81,4,2,Manager,4,Married,19999,5588,2,Y,Yes,11,3,3,80,1,13,4,3,7,4,5,3
31,No,Travel_Rarely,283,Sales,13,5,Medical,1,1163,4,Male,55,3,5,Manager,3,Married,10845,16709,3,Y,No,11,1,2,80,2,30,2,3,22,19,2,17
49,No,Travel_Rarely,265,Research & Development,28,4,Human Resources,1,1164,3,Male,34,3,4,Research Director,2,Divorced,11547,22229,3,Y,No,11,3,4,80,2,40,1,3,31,31,7,31
60,No,Travel_Rarely,858,Sales,28,3,Life Sciences,1,1165,1,Male,43,3,3,Sales Representative,1,Married,1278,24121,0,Y,Yes,19,3,1,80,2,20,2,4,7,6,3,5
33,No,Travel_Frequently,227,Research & Development,8,3,Life Sciences,1,1166,2,Female,80,3,3,Manager,1,Divorced,10583,27723,0,Y,Yes,15,3,2,80,2,6,4,1,3,1,2,0
21,No,Travel_Rarely,1332,Research & Development,27,4,Marketing,1,1167,4,Male,44,4,4,Research Scientist,2,Divorced,6599,13709,1,Y,Yes,24,1,3,80,0,30,1,4,29,28,2,27
54,No,Travel_Rarely,368,Sales,16,3,Technical Degree,1,1168,4,Male,41,4,3,Manager,4,Single,11802,29634,6,Y,Yes,14,4,4,80,2,26,2,3,18,17,0,15
38,No,Travel_Rarely,455,Research & Development,18,4,Life Sciences,1,1169,4,Male,75,4,4,Manager,3,Married,13808,3417,2,Y,No,20,4,3,80,1,21,3,4,22,22,10,20
31,No,Travel_Rarely,1247,Research & Development,25,3,Life Sciences,1,1170,3,Male,93,4,3,Laboratory Technician,4,Single,2846,22293,3,Y,Yes,15,2,4,80,3,29,2,4,17,15,4,13
48,No,Travel_Frequently,711,Research & Development,26,3,Other,1,1171,4,Male,88,3,3,Research Director,4,Married,10772,23129,5,Y,No,19,4,4,80,1,31,1,3,28,27,5,27
35,No,Travel_Frequently,570,Research & Development,16,5,Human Resources,1,1172,3,Female,55,4,5,Research Scientist,2,Divorced,6704,13881,5,Y,No,13,3,3,80,1,23,2,2,22,20,5,20
24,No,Travel_Frequently,902,Sales,1,3,Marketing,1,1173,2,Male,58,1,3,Manager,4,Single,7823,4772,2,Y,No,13,4,4,80,3,35,4,3,32,29,4,27
27,No,Travel_Rarely,234,Research & Development,8,3,Life Sciences,1,1174,4,Female,33,4,3,Manager,1,Married,19871,23559,2,Y,Yes,22,3,1,80,0,15,5,3,17,14,0,14
24,No,Travel_Rarely,1113,Sales,28,4,Human Resources,1,1175,3,Female,79,4,4,Sales Executive,1,Married,3753,24659,5,Y,No,12,4,4,80,0,40,0,4,32,30,3,29
50,Yes,Travel_Rarely,950,Research & Development,21,3,Other,1,1176,3,Male,54,4,3,Research Scientist,3,Married,3844,29404,4,Y,Yes,18,3,4,80,2,12,3,2,6,5,7,5
40,No,Travel_Rarely,1121,Sales,2,3,Medical,1,1177,3,Male,69,2,3,Sales Representative,3,Married,2247,28745,3,Y,No,17,1,4,80,0,27,1,2,27,25,0,25
38,No,Travel_Rarely,419,Research & Development,24,4,Other,1,1178,1,Male,61,4,4,Research Director,2,Married,9182,4249,2,Y,No,12,2,4,80,0,12,3,4,0,0,11,0
36,No,Non-Travel,812,Research & Development,5,3,Other,1,1179,3,Male,66,4,3,Research Director,3,Single,7453,18079,2,Y,No,14,3,4,80,3,40,0,3,38,35,2,34
36,No,Non-Travel,1250,Sales,26,3,Human Resources,1,1180,2,Male,39,4,3,Manager,4,Single,8671,22242,1,Y,No,17,2,2,80,1,40,0,3,33,31,1,30
53,No,Non-Travel,552,Research & Development,15,3,Other,1,1181,4,Male,67,2,3,Research Scientist,2,Single,2897,20009,4,Y,No,11,3,3,80,0,35,4,3,38,34,3,32
46,Yes,Travel_Rarely,1333,Research & Development,14,4,Marketing,1,1182,3,Male,90,3,4,Research Scientist,2,Married,5369,4749,2,Y,No,11,4,3,80,0,14,1,4,18,14,6,13
35,No,Travel_Rarely,1425,Research & Development,26,4,Marketing,1,1183,3,Female,56,2,4,Laboratory Technician,3,Single,3250,20989,1,Y,No,18,3,2,80,0,33,2,2,30,27,3,26
19,No,Travel_Frequently,734,Sales,29,4,Medical,1,1184,3,Male,36,3,4,Sales Executive,3,Divorced,5951,3847,1,Y,No,16,3,4,80,1,14,5,3,12,11,4,10
18,No,Travel_Frequently,243,Research & Development,3,2,Marketing,1,1185,4,Female,38,3,2,Laboratory Technician,2,Married,3796,16153,5,Y,No,12,3,2,80,0,21,6,4,23,22,3,20
22,No,Travel_Frequently,1105,Sales,7,4,Technical Degree,1,1186,2,Male,88,4,4,Manager,4,Married,6619,25591,2,Y,No,20,3,1,80,3,0,1,3,4,1,4,1
37,Yes,Travel_Rarely,960,Research & Development,4,5,Human Resources,1,1187,4,Female,65,3,5,Laboratory Technician,3,Married,3821,10770,1,Y,No,20,2,4,80,1,30,3,4,22,21,0,19
28,No,Travel_Frequently,670,Research & Development,11,3,Medical,1,1188,3,Male,59,4,3,Research Director,3,Married,9718,3136,0,Y,No,25,3,4,80,0,14,3,4,18,18,0,18
59,No,Travel_Rarely,405,Sales,27,4,Marketing,1,1189,1,Male,48,2,4,Manager,4,Divorced,11773,13602,2,Y,No,11,4,4,80,0,0,2,4,0,0,0,0
19,No,Travel_Rarely,758,Sales,26,4,Medical,1,1190,3,Female,70,3,4,Manager,4,Single,13869,5133,0,Y,No,13,4,4,80,1,33,5,4,32,32,1,30
20,No,Travel_Frequently,745,Sales,12,5,Marketing,1,1191,3,Male,84,4,5,Sales Representative,2,Single,4479,12466,2,Y,Yes,22,3,3,80,0,38,4,4,32,32,1,30
40,No,Travel_Rarely,694,Human Resources,15,5,Marketing,1,1192,4,Male,35,4,5,Manager,2,Married,13162,12413,3,Y,Yes,14,3,4,80,1,31,4,4,31,31,4,31
29,No,Travel_Rarely,131,Research & Development,6,3,Life Sciences,1,1193,3,Female,51,3,3,Research Scientist,4,Single,4230,15307,2,Y,No,23,3,3,80,3,39,2,4,27,24,3,22
37,No,Travel_Rarely,1466,Research & Development,26,3,Medical,1,1194,3,Male,99,3,3,Manager,4,Single,7742,3157,6,Y,No,15,3,4,80,1,34,2,3,36,36,0,34
22,No,Travel_Rarely,1334,Research & Development,24,3,Life Sciences,1,1195,1,Male,53,3,3,Laboratory Technician,3,Married,1009,9452,0,Y,No,21,3,2,80,0,40,2,2,40,38,0,38
54,Yes,Travel_Rarely,1368,Sales,1,3,Life Sciences,1,1196,2,Female,91,2,3,Sales Executive,3,Single,7268,14050,1,Y,No,20,2,4,80,2,18,2,3,11,10,0,8
55,No,Travel_Rarely,796,Sales,18,2,Technical Degree,1,1197,4,Female,71,3,2,Sales Representative,3,Married,1866,28225,0,Y,No,13,3,3,80,0,22,1,3,8,5,2,3
47,No,Travel_Rarely,259,Research & Development,14,4,Life Sciences,1,1198,3,Female,51,2,4,Laboratory Technician,2,Single,1009,9275,0,Y,No,25,2,3,80,0,6,1,3,10,8,0,7
26,No,Travel_Rarely,247,Research & Development,29,1,Medical,1,1199,1,Male,45,4,1,Research Director,4,Divorced,8947,16478,0,Y,No,25,3,4,80,0,34,1,3,32,30,3,29
51,No,Travel_Frequently,441,Research & Development,24,3,Life Sciences,1,1200,2,Female,42,2,3,Manufacturing Director,3,Divorced,8574,23797,3,Y,No,23,3,4,80,3,31,2,4,18,14,2,13
52,No,Travel_Rarely,967,Sales,7,4,Life Sciences,1,1201,3,Male,66,2,4,Sales Representative,4,Married,3669,6372,1,Y,Yes,24,3,4,80,3,36,2,4,33,29,3,28
39,Yes,Non-Travel,193,Research & Development,10,3,Technical Degree,1,1202,4,Female,81,4,3,Research Scientist,3,Married,5932,7611,6,Y,No,15,3,2,80,0,4,2,4,6,4,5,3
41,No,Travel_Rarely,430,Research & Development,9,5,Medical,1,1203,4,Female,53,4,5,Research Director,4,Divorced,12627,19970,0,Y,Yes,22,3,2,80,1,40,2,4,30,26,1,24
34,No,Travel_Rarely,273,Research & Development,2,4,Other,1,1204,1,Female,46,4,4,Manager,2,Single,15249,28534,3,Y,No,17,3,1,80,0,14,3,4,1,0,1,0
27,No,Travel_Rarely,803,Sales,8,3,Medical,1,1205,3,Female,45,4,3,Sales Representative,4,Divorced,1678,20707,7,Y,No,21,4,2,80,2,22,2,4,18,17,1,16
47,No,Travel_Rarely,1156,Sales,22,3,Life Sciences,1,1206,3,Male,30,3,3,Manager,4,Divorced,11461,2233,0,Y,Yes,19,2,2,80,0,37,5,2,37,33,0,33
40,No,Travel_Frequently,722,Research & Development,1,3,Medical,1,1207,4,Female,30,3,3,Research Director,3,Married,11739,27841,1,Y,No,15,3,4,80,0,40,3,3,31,31,0,30
49,No,Travel_Rarely,373,Research & Development,20,4,Technical Degree,1,1208,3,Female,59,4,4,Manager,3,Married,12166,9916,3,Y,No,14,3,3,80,2,13,4,3,9,7,6,5
34,No,Non-Travel,1220,Research & Development,2,2,Medical,1,1209,2,Male,53,4,2,Research Scientist,1,Single,4290,2031,2,Y,No,20,4,4,80,0,40,5,2,40,39,1,39
34,No,Travel_Rarely,1090,Sales,7,4,Other,1,1210,3,Female,75,4,4,Sales Representative,3,Married,3025,27947,2,Y,No,21,3,3,80,0,10,1,4,7,3,14,2
31,No,Non-Travel,178,Human Resources,25,4,Marketing,1,1211,3,Male,31,3,4,Human Resources,4,Divorced,5905,10951,1,Y,No,23,3,3,80,2,26,2,2,25,21,1,21
26,Yes,Travel_Rarely,252,Research & Development,16,3,Medical,1,1212,4,Female,44,3,3,Manager,2,Single,11723,5203,3,Y,No,19,2,2,80,2,27,2,3,29,28,6,27
57,No,Travel_Rarely,243,Research & Development,22,5,Technical Degree,1,1213,1,Female,58,4,5,Manufacturing Director,4,Divorced,5968,7894,3,Y,Yes,18,3,4,80,2,23,2,2,10,9,5,7
19,No,Travel_Rarely,332,Research & Development,4,1,Human Resources,1,1214,3,Female,91,3,1,Research Director,3,Single,4891,3794,0,Y,Yes,15,3,4,80,3,38,0,3,40,40,2,39
42,No,Travel_Rarely,1055,Research & Development,21,5,Medical,1,1215,3,Male,42,4,5,Manufacturing Director,2,Single,7510,15080,7,Y,No,19,4,3,80,1,32,4,3,19,15,2,15
56,No,Travel_Rarely,229,Sales,27,2,Life Sciences,1,1216,2,Male,94,4,2,Sales Representative,2,Single,3051,2761,2,Y,Yes,21,3,3,80,0,32,1,4,19,15,3,13
26,No,Travel_Rarely,961,Research & Development,17,4,Marketing,1,1217,3,Male,74,4,4,Manager,3,Single,12167,17574,2,Y,Yes,24,2,2,80,0,14,6,3,8,5,7,4
39,No,Travel_Rarely,797,Research & Development,29,3,Medical,1,1218,3,Female,76,3,3,Laboratory Technician,2,Married,4500,22464,4,Y,No,19,3,4,80,0,14,4,3,7,7,2,6
60,No,Travel_Frequently,598,Research & Development,4,4,Human Resources,1,1219,4,Male,45,3,4,Laboratory Technician,4,Single,4687,2281,2,Y,No,11,2,4,80,0,12,3,4,14,13,0,12
21,No,Travel_Frequently,1405,Research & Development,29,3,Medical,1,1220,1,Male,32,2,3,Manufacturing Director,4,Divorced,7750,6071,0,Y,No,22,4,3,80,1,37,1,4,33,32,2,31
43,No,Travel_Rarely,911,Research & Development,26,2,Life Sciences,1,1221,4,Female,99,4,2,Research Scientist,3,Married,4369,14095,2,Y,No,16,4,2,80,0,24,3,3,23,21,1,19
46,No,Travel_Rarely,232,Research & Development,3,4,Human Resources,1,1222,2,Male,34,3,4,Manufacturing Director,2,Single,9375,23009,4,Y,No,21,3,2,80,1,31,2,2,32,31,10,29
51,No,Travel_Rarely,370,Research & Development,9,3,Other,1,1223,2,Female,55,3,3,Research Director,3,Married,11279,24362,3,Y,No,15,3,1,80,0,40,2,1,40,36,5,35
40,No,Travel_Frequently,719,Sales,22,4,Life Sciences,1,1224,4,Female,44,3,4,Sales Representative,3,Divorced,2601,16337,7,Y,Yes,16,4,1,80,1,40,4,4,40,39,0,37
54,No,Travel_Rarely,1063,Research & Development,15,5,Other,1,1225,4,Female,84,1,5,Laboratory Technician,2,Married,4191,11007,0,Y,No,20,1,2,80,2,40,2,3,39,35,1,35
28,No,Travel_Rarely,1385,Research & Development,20,3,Medical,1,1226,1,Male,51,4,3,Laboratory Technician,3,Single,3346,22943,1,Y,No,13,3,2,80,1,35,2,2,26,22,0,20
23,No,Travel_Rarely,1176,Human Resources,3,3,Medical,1,1227,4,Male,66,4,3,Human Resources,4,Divorced,5293,19854,2,Y,No,24,4,3,80,0,21,4,2,20,20,7,20
35,Yes,Travel_Rarely,1258,Research & Development,12,1,Other,1,1228,2,Male,58,3,1,Research Scientist,1,Divorced,5085,5287,2,Y,No,13,3,3,80,3,16,1,4,4,3,9,3
38,No,Travel_Rarely,910,Sales,15,4,Medical,1,1229,3,Male,55,4,4,Sales Executive,3,Single,6367,22643,1,Y,No,20,1,3,80,2,34,3,3,34,34,0,32
59,No,Travel_Rarely,1130,Research & Development,29,3,Life Sciences,1,1230,1,Male,99,4,3,Manufacturing Director,4,Single,8227,16014,4,Y,Yes,15,3,3,80,1,32,3,3,20,16,2,15
53,No,Travel_Rarely,749,Research & Development,20,3,Medical,1,1231,3,Male,40,4,3,Manufacturing Director,1,Married,8714,24090,0,Y,Yes,17,4,4,80,1,13,2,3,3,2,10,0
58,No,Travel_Rarely,839,Research & Development,8,3,Technical Degree,1,1232,3,Female,49,4,3,Research Director,4,Single,12451,29161,0,Y,No,14,1,3,80,1,11,4,2,15,14,0,14
55,No,Travel_Rarely,603,Research & Development,12,3,Life Sciences,1,1233,3,Female,99,4,3,Laboratory Technician,3,Divorced,4285,18894,7,Y,No,16,3,2,80,0,40,5,3,30,30,1,30
51,No,Travel_Rarely,1309,Research & Development,21,5,Marketing,1,1234,3,Male,62,2,5,Research Scientist,2,Married,4860,16085,1,Y,Yes,15,3,4,80,0,20,2,3,25,25,2,23
34,No,Travel_Rarely,510,Sales,13,3,Technical Degree,1,1235,3,Female,59,3,3,Sales Representative,1,Divorced,1009,9961,7,Y,No,12,4,4,80,1,39,2,3,34,30,0,30
54,No,Travel_Rarely,1216,Research & Development,15,4,Medical,1,1236,4,Female,79,4,4,Research Scientist,1,Married,4828,15532,1,Y,No,23,3,3,80,1,19,3,4,5,1,0,0
42,No,Travel_Rarely,921,Research & Development,11,4,Technical Degree,1,1237,2,Female,63,1,4,Manufacturing Director,2,Single,8954,27130,0,Y,No,21,3,1,80,0,31,3,3,32,31,11,29
55,No,Travel_Rarely,1004,Research & Development,17,4,Other,1,1238,2,Female,34,2,4,Laboratory Technician,1,Single,4130,13897,4,Y,No,22,3,4,80,0,30,3,4,20,19,4,18
29,No,Travel_Rarely,290,Research & Development,21,3,Medical,1,1239,4,Male,41,3,3,Manufacturing Director,2,Married,5705,8784,4,Y,Yes,11,3,4,80,0,10,2,3,15,12,2,12
40,No,Travel_Rarely,1082,Research & Development,24,4,Medical,1,1240,1,Male,81,3,4,Research Director,1,Married,3633,27882,2,Y,No,16,3,1,80,3,40,1,3,38,35,2,33
59,No,Travel_Frequently,916,Research & Development,27,5,Life Sciences,1,1241,3,Male,80,2,5,Laboratory Technician,3,Divorced,4346,29718,0,Y,No,15,4,1,80,0,40,5,3,33,31,5,31
39,No,Travel_Rarely,484,Sales,12,1,Marketing,1,1242,3,Male,50,4,1,Sales Executive,4,Single,4428,16196,3,Y,Yes,19,2,4,80,0,11,2,4,14,10,2,8
38,No,Travel_Rarely,951,Human Resources,20,3,Other,1,1243,3,Female,87,3,3,Manager,4,Single,16399,23877,0,Y,No,22,1,3,80,1,1,3,3,5,3,1,1
44,No,Travel_Rarely,1447,Research & Development,18,3,Medical,1,1244,4,Female,93,2,3,Manufacturing Director,3,Single,6611,18642,4,Y,No,17,3,4,80,1,0,4,3,1,0,0,0
48,No,Travel_Rarely,591,Research & Development,29,3,Medical,1,1245,2,Male,35,4,3,Manufacturing Director,4,Married,5534,8588,1,Y,Yes,11,3,2,80,1,34,2,4,23,23,5,21
23,No,Non-Travel,1258,Sales,16,3,Medical,1,1246,2,Male,78,4,3,Sales Representative,1,Single,3314,11416,4,Y,No,23,3,4,80,1,39,3,4,27,27,1,26
44,No,Travel_Frequently,527,Sales,3,4,Medical,1,1247,2,Female,66,3,4,Manager,2,Married,14218,20049,1,Y,Yes,20,3,1,80,1,0,1,2,0,0,0,0
57,No,Travel_Rarely,351,Research & Development,27,2,Life Sciences,1,1248,2,Male,39,3,2,Research Scientist,2,Married,5251,27979,2,Y,No,16,3,2,80,2,9,5,2,0,0,2,0
51,No,Travel_Rarely,1186,Sales,9,3,Other,1,1249,3,Male,95,4,3,Manager,4,Divorced,13805,3865,4,Y,No,21,3,4,80,0,30,1,2,27,24,0,23
29,No,Travel_Frequently,1121,Research & Development,7,4,Life Sciences,1,1250,4,Female,85,4,4,Laboratory Technician,4,Single,2756,17952,0,Y,No,17,3,2,80,1,34,2,4,35,31,11,31
24,No,Travel_Frequently,1348,Sales,19,3,Technical Degree,1,1251,4,Male,95,2,3,Manager,3,Single,6503,2765,4,Y,No,13,3,2,80,3,26,3,2,19,18,4,17
27,No,Travel_Rarely,785,Research & Development,5,4,Medical,1,1252,4,Male,74,4,4,Manufacturing Director,3,Married,7064,26640,0,Y,No,24,3,4,80,0,20,4,3,7,7,1,6
34,No,Travel_Rarely,420,Research & Development,19,3,Marketing,1,1253,2,Male,97,4,3,Research Scientist,3,Married,2953,5449,1,Y,No,19,3,2,80,0,4,1,3,0,0,1,0
43,No,Travel_Frequently,1121,Sales,10,5,Life Sciences,1,1254,1,Female,93,4,5,Sales Representative,2,Married,3389,21089,2,Y,No,21,2,1,80,0,39,2,3,25,21,3,20
38,No,Travel_Frequently,326,Research & Development,20,3,Technical Degree,1,1255,4,Male,45,2,3,Laboratory Technician,3,Divorced,4417,7765,5,Y,No,24,3,3,80,0,32,2,2,24,24,2,22
45,No,Travel_Rarely,524,Research & Development,12,4,Life Sciences,1,1256,1,Male,39,2,4,Research Director,3,Divorced,10518,17461,0,Y,No,24,3,3,80,0,15,2,3,9,9,6,8
19,No,Travel_Rarely,1009,Research & Development,8,4,Life Sciences,1,1257,4,Male,50,3,4,Manager,1,Single,11996,17336,2,Y,No,21,3,4,80,0,16,4,2,11,9,3,9
60,No,Travel_Rarely,1316,Human Resources,3,3,Medical,1,1258,4,Male,41,2,3,Human Resources,1,Single,4987,6974,2,Y,Yes,12,3,4,80,0,40,0,2,40,37,2,37
18,No,Travel_Rarely,180,Sales,19,2,Technical Degree,1,1259,4,Male,42,2,2,Sales Representative,4,Married,3882,18579,1,Y,Yes,11,3,3,80,1,17,3,3,6,2,11,1
53,No,Travel_Rarely,956,Sales,27,4,Life Sciences,1,1260,3,Female,39,2,4,Sales Executive,3,Married,3156,3383,1,Y,No,20,3,3,80,0,23,4,4,11,9,2,7
43,No,Travel_Rarely,1105,Research & Development,11,3,Life Sciences,1,1261,2,Male,42,4,3,Manufacturing Director,2,Single,5105,17458,2,Y,No,20,4,3,80,2,40,5,2,39,37,2,36
46,No,Travel_Frequently,466,Sales,8,5,Technical Degree,1,1262,3,Female,63,1,5,Manager,3,Married,18576,4435,0,Y,No,22,3,4,80,2,30,3,3,16,12,4,10
38,Yes,Travel_Rarely,123,Research & Development,26,5,Technical Degree,1,1263,4,Male,88,2,5,Laboratory Technician,4,Married,2182,3450,2,Y,Yes,19,3,4,80,1,4,2,3,4,0,6,0
28,No,Travel_Rarely,649,Research & Development,13,3,Life Sciences,1,1264,2,Male,78,4,3,Manager,3,Single,13911,26798,3,Y,No,17,1,4,80,3,18,2,4,13,12,4,12
57,No,Non-Travel,431,Sales,26,3,Marketing,1,1265,4,Male,35,2,3,Manager,1,Married,14652,9924,4,Y,Yes,20,3,4,80,2,39,5,4,33,30,5,30
28,No,Travel_Rarely,1281,Research & Development,23,3,Medical,1,1266,2,Male,41,3,3,Manufacturing Director,3,Divorced,3376,18054,1,Y,No,23,4,3,80,2,26,4,4,16,12,2,10
53,No,Travel_Frequently,157,Research & Development,23,3,Marketing,1,1267,3,Male,58,4,3,Laboratory Technician,3,Single,1678,25442,2,Y,No,21,3,3,80,0,40,2,3,34,34,3,33
56,Yes,Travel_Frequently,1373,Research & Development,10,4,Other,1,1268,4,Male,55,4,4,Research Director,1,Single,13794,25700,0,Y,Yes,11,3,3,80,2,13,5,3,0,0,1,0
57,No,Travel_Rarely,1026,Research & Development,18,4,Life Sciences,1,1269,2,Male,97,4,4,Manufacturing Director,2,Married,5664,7628,2,Y,No,14,3,2,80,3,40,4,4,35,32,5,32
52,Yes,Travel_Rarely,362,Sales,12,3,Technical Degree,1,1270,2,Female,45,3,3,Manager,3,Divorced,8595,18825,7,Y,No,20,2,1,80,0,24,5,2,14,14,1,12
51,No,Travel_Frequently,536,Research & Development,7,1,Medical,1,1271,1,Male,82,4,1,Research Scientist,3,Divorced,3796,28013,1,Y,Yes,23,3,4,80,2,24,3,3,18,18,0,17
41,No,Travel_Rarely,639,Sales,26,3,Medical,1,1272,2,Female,48,3,3,Sales Executive,2,Married,4961,29763,2,Y,No,13,3,3,80,2,6,4,4,4,1,10,0
39,No,Travel_Rarely,636,Research & Development,11,3,Marketing,1,1273,2,Female,76,4,3,Research Director,3,Married,11578,16788,3,Y,No,21,3,3,80,0,15,4,3,18,17,2,16
22,No,Non-Travel,482,Research & Development,10,4,Human Resources,1,1274,2,Male,61,3,4,Manager,4,Married,7744,4367,2,Y,Yes,17,3,3,80,1,34,1,3,38,38,1,37
50,No,Travel_Rarely,204,Research & Development,3,2,Life Sciences,1,1275,2,Male,99,4,2,Laboratory Technician,4,Married,1435,6865,1,Y,No,15,3,4,80,0,4,5,4,4,2,1,2
53,No,Travel_Rarely,130,Sales,7,4,Life Sciences,1,1276,4,Male,99,3,4,Manager,3,Single,16162,11074,0,Y,Yes,19,3,2,80,0,21,2,2,11,8,2,7
37,No,Travel_Rarely,1182,Research & Development,29,4,Life Sciences,1,1277,4,Male,90,4,4,Research Scientist,3,Single,2970,9159,2,Y,No,21,3,3,80,0,32,2,3,18,15,3,14
36,No,Travel_Rarely,1187,Sales,4,4,Human Resources,1,1278,3,Male,34,4,4,Sales Executive,4,Single,5420,18834,1,Y,No,13,3,3,80,1,20,4,3,11,7,0,6
52,No,Travel_Rarely,1056,Sales,29,3,Technical Degree,1,1279,2,Female,88,2,3,Sales Executive,4,Married,8742,25423,3,Y,No,21,3,4,80,1,40,3,1,35,34,0,32
60,No,Travel_Rarely,1173,Research & Development,8,4,Marketing,1,1280,2,Male,31,3,4,Manager,4,Single,12252,7198,1,Y,Yes,16,2,3,80,3,7,4,2,11,9,1,9
34,Yes,Travel_Rarely,1492,Research & Development,8,4,Life Sciences,1,1281,4,Male,31,4,4,Research Director,2,Divorced,13337,27318,4,Y,Yes,20,3,4,80,1,31,2,3,17,15,1,13
60,No,Travel_Rarely,648,Sales,6,4,Other,1,1282,4,Female,32,2,4,Manager,1,Single,15042,9286,0,Y,No,12,3,3,80,0,40,2,2,33,29,0,27
51,No,Travel_Frequently,428,Sales,13,3,Other,1,1283,4,Male,99,3,3,Sales Executive,4,Single,6047,28120,1,Y,No,13,2,4,80,0,40,0,3,32,32,2,32
26,No,Travel_Rarely,367,Research & Development,12,3,Marketing,1,1284,1,Female,72,4,3,Laboratory Technician,4,Married,4573,21734,2,Y,No,14,1,4,80,3,29,2,3,17,17,1,15
43,No,Travel_Rarely,830,Research & Development,3,4,Medical,1,1285,4,Male,34,4,4,Research Scientist,3,Married,4726,4829,0,Y,Yes,16,2,3,80,1,24,3,1,28,26,0,24
19,No,Travel_Rarely,1301,Sales,6,2,Life Sciences,1,1286,3,Male,79,2,2,Sales Executive,4,Single,5743,4613,2,Y,No,21,4,3,80,2,0,2,3,4,3,8,2
26,No,Non-Travel,1169,Sales,22,3,Marketing,1,1287,4,Male,39,3,3,Sales Representative,4,Single,3261,3915,1,Y,No,11,3,3,80,0,38,2,1,24,24,8,22
26,No,Travel_Rarely,320,Research & Development,19,5,Technical Degree,1,1288,3,Male,56,2,5,Research Scientist,3,Divorced,2732,9212,1,Y,No,25,3,4,80,1,19,2,3,23,20,1,20
57,No,Travel_Rarely,227,Sales,11,1,Life Sciences,1,1289,3,Female,53,3,1,Manager,3,Single,15001,11440,0,Y,No,25,3,3,80,0,31,4,3,28,24,1,22
34,No,Non-Travel,983,Human Resources,4,3,Marketing,1,1290,4,Male,51,2,3,Manager,3,Single,14534,18911,1,Y,No,16,3,3,80,0,40,1,4,37,36,3,35
18,No,Travel_Frequently,420,Research & Development,15,3,Life Sciences,1,1291,4,Female,32,4,3,Manufacturing Director,3,Divorced,8288,6819,6,Y,Yes,14,3,3,80,2,40,3,3,32,32,4,30
42,No,Travel_Rarely,1430,Sales,2,4,Technical Degree,1,1292,2,Male,45,4,4,Sales Executive,4,Single,2971,9879,0,Y,No,18,3,4,80,1,14,2,3,9,7,11,7
60,No,Travel_Frequently,1325,Research & Development,15,2,Medical,1,1293,2,Male,59,3,2,Research Director,3,Married,13463,26816,5,Y,Yes,19,2,1,80,0,36,0,4,36,32,2,31
57,No,Non-Travel,186,Research & Development,17,4,Life Sciences,1,1294,3,Male,72,4,4,Manufacturing Director,4,Married,9049,12334,1,Y,No,18,3,1,80,2,38,4,3,32,32,4,30
59,No,Travel_Frequently,1166,Research & Development,2,2,Medical,1,1295,2,Male,33,3,2,Research Director,4,Single,9931,10556,2,Y,No,18,3,1,80,1,19,2,3,22,20,8,20
42,No,Travel_Rarely,824,Research & Development,7,2,Medical,1,1296,3,Female,69,3,2,Research Director,1,Single,9458,19592,2,Y,No,23,3,2,80,0,16,3,4,10,10,2,10
56,No,Travel_Rarely,1488,Sales,26,4,Life Sciences,1,1297,4,Male,45,3,4,Sales Executive,1,Single,5872,6120,6,Y,No,23,3,3,80,3,18,3,3,23,19,0,17
52,No,Travel_Rarely,1394,Research & Development,16,3,Other,1,1298,3,Male,45,3,3,Manager,3,Single,10759,12557,4,Y,No,12,3,4,80,0,26,3,4,23,20,2,18
20,No,Travel_Rarely,463,Research & Development,5,5,Life Sciences,1,1299,4,Male,95,3,5,Manufacturing Director,2,Single,9846,8476,8,Y,No,24,3,3,80,2,20,3,4,6,3,0,2
54,No,Travel_Rarely,468,Research & Development,16,1,Life Sciences,1,1300,4,Male,84,4,1,Laboratory Technician,3,Divorced,2957,4961,4,Y,No,20,3,1,80,2,20,4,3,20,18,0,16
47,No,Travel_Rarely,1306,Research & Development,25,3,Life Sciences,1,1301,4,Male,49,4,3,Manager,2,Married,11012,14849,1,Y,No,12,1,3,80,0,24,3,4,19,16,6,15
55,No,Travel_Rarely,1356,Research & Development,19,2,Life Sciences,1,1302,4,Male,80,4,2,Research Scientist,3,Married,4327,23160,7,Y,No,16,3,4,80,1,6,2,4,9,5,1,3
51,No,Travel_Rarely,1089,Sales,2,3,Life Sciences,1,1303,4,Female,86,3,3,Sales Representative,1,Divorced,2909,12339,8,Y,No,25,4,3,80,0,22,2,4,24,22,0,22
29,No,Travel_Rarely,1195,Research & Development,15,5,Life Sciences,1,1304,3,Male,80,2,5,Manufacturing Director,2,Married,6517,20801,0,Y,Yes,15,3,4,80,1,39,5,4,35,35,8,35
36,No,Travel_Rarely,689,Sales,4,5,Marketing,1,1305,3,Male,47,4,5,Manager,1,Single,11387,3616,5,Y,Yes,16,4,2,80,2,27,5,4,14,13,2,13
54,No,Travel_Rarely,1064,Sales,2,1,Life Sciences,1,1306,3,Male,88,3,1,Sales Executive,4,Divorced,7720,27611,3,Y,No,19,2,2,80,0,39,2,1,39,39,1,39
34,No,Travel_Rarely,590,Research & Development,27,4,Technical Degree,1,1307,3,Male,57,4,4,Manager,3,Single,8742,10911,6,Y,No,22,3,4,80,0,34,1,3,39,35,1,34
27,Yes,Non-Travel,1359,Sales,23,4,Life Sciences,1,1308,3,Female,98,4,4,Manager,4,Single,11403,23066,6,Y,Yes,20,3,3,80,1,7,2,3,5,3,1,3
29,No,Travel_Frequently,932,Research & Development,10,3,Life Sciences,1,1309,4,Male,57,4,3,Laboratory Technician,4,Married,5527,27549,5,Y,Yes,17,3,4,80,1,38,3,3,36,36,1,35
33,Yes,Travel_Rarely,767,Research & Development,22,2,Life Sciences,1,1310,3,Male,42,3,2,Research Scientist,4,Married,4414,8825,5,Y,Yes,15,1,4,80,2,1,1,4,1,0,7,0
41,Yes,Travel_Rarely,1419,Research & Development,24,5,Other,1,1311,2,Female,35,4,5,Manufacturing Director,3,Married,5766,20230,0,Y,No,20,3,2,80,2,22,4,2,11,8,1,7
36,No,Travel_Rarely,1473,Research & Development,29,5,Marketing,1,1312,4,Male,58,4,5,Laboratory Technician,4,Single,2400,19755,0,Y,No,17,3,4,80,2,16,5,4,3,2,3,0
25,No,Travel_Rarely,1224,Research & Development,5,5,Technical Degree,1,1313,3,Male,38,3,5,Research Director,2,Married,6204,19850,0,Y,No,18,3,3,80,2,17,5,2,22,18,0,17
48,No,Travel_Rarely,977,Sales,18,4,Life Sciences,1,1314,3,Female,58,4,4,Manager,1,Single,17857,18372,0,Y,Yes,21,4,4,80,0,21,0,1,12,12,10,10
38,No,Travel_Rarely,462,Research & Development,29,4,Other,1,1315,4,Female,67,1,4,Manager,4,Divorced,15628,10882,1,Y,No,22,3,3,80,1,23,5,3,16,15,4,14
34,Yes,Travel_Rarely,459,Sales,4,3,Life Sciences,1,1316,3,Female,94,3,3,Sales Representative,1,Single,1839,2087,3,Y,Yes,11,2,1,80,1,27,3,2,30,26,9,24
40,No,Travel_Rarely,1255,Research & Development,1,3,Life Sciences,1,1317,3,Male,85,4,3,Manager,4,Divorced,12769,18308,1,Y,No,20,2,3,80,3,11,1,4,15,11,2,9
54,No,Travel_Rarely,837,Sales,18,2,Marketing,1,1318,4,Male,59,2,2,Manager,3,Married,16409,20896,3,Y,No,21,4,4,80,1,37,2,3,40,37,7,37
33,No,Travel_Frequently,165,Research & Development,20,4,Medical,1,1319,2,Male,88,3,4,Manager,3,Divorced,11854,14040,4,Y,No,21,3,1,80,3,28,3,2,25,23,7,22
23,No,Travel_Frequently,282,Research & Development,6,4,Human Resources,1,1320,3,Male,87,3,4,Manager,2,Married,10230,27069,3,Y,No,17,2,2,80,2,37,5,1,27,25,5,23
25,No,Travel_Rarely,688,Research & Development,20,4,Life Sciences,1,1321,2,Female,39,3,4,Research Scientist,4,Married,7525,19629,2,Y,No,14,3,3,80,2,7,1,3,0,0,0,0
42,No,Travel_Frequently,290,Research & Development,20,5,Human Resources,1,1322,3,Male,50,3,5,Manager,3,Married,5140,24500,1,Y,No,15,3,4,80,1,24,1,1,11,8,0,7
35,No,Non-Travel,1308,Research & Development,14,5,Marketing,1,1323,2,Female,85,4,5,Research Director,3,Single,17897,17874,0,Y,No,23,3,3,80,1,40,2,3,36,32,1,32
42,No,Travel_Frequently,681,Sales,27,5,Medical,1,1324,4,Female,55,3,5,Manager,3,Single,12215,11333,2,Y,Yes,12,4,2,80,1,25,5,3,19,16,0,14
29,Yes,Travel_Frequently,271,Research & Development,26,3,Life Sciences,1,1325,2,Male,44,4,3,Manager,1,Divorced,16645,22615,3,Y,No,20,3,3,80,0,7,5,2,1,0,5,0
32,No,Non-Travel,423,Sales,10,4,Life Sciences,1,1326,4,Male,64,4,4,Sales Executive,2,Divorced,4478,2977,2,Y,Yes,15,2,1,80,3,30,2,3,35,34,3,34
43,No,Travel_Rarely,1297,Sales,18,4,Human Resources,1,1327,4,Female,44,3,4,Sales Representative,2,Married,2346,28810,3,Y,No,19,4,2,80,2,28,2,4,14,12,3,11
58,No,Travel_Rarely,385,Sales,9,3,Medical,1,1328,3,Male,35,2,3,Sales Executive,1,Single,4732,27117,1,Y,Yes,11,3,3,80,2,39,5,3,37,34,1,32
43,Yes,Non-Travel,467,Research & Development,12,5,Marketing,1,1329,3,Female,57,3,5,Manufacturing Director,1,Married,7757,8722,0,Y,Yes,13,3,3,80,1,32,3,3,21,18,1,17
49,Yes,Travel_Rarely,212,Research & Development,10,5,Human Resources,1,1330,4,Male,92,4,5,Manager,2,Married,13107,17670,4,Y,No,14,3,3,80,0,40,5,4,31,28,1,27
27,No,Travel_Frequently,179,Sales,24,2,Life Sciences,1,1331,1,Male,58,3,2,Sales Representative,4,Married,3960,15217,1,Y,No,19,3,2,80,2,20,4,4,19,19,2,19
33,No,Travel_Frequently,354,Sales,24,1,Marketing,1,1332,1,Male,77,4,1,Manager,3,Divorced,5838,27978,2,Y,No,12,2,3,80,1,38,2,4,35,32,5,30
24,Yes,Travel_Rarely,337,Research & Development,21,4,Technical Degree,1,1333,2,Female,92,4,4,Research Scientist,2,Divorced,4711,11002,4,Y,Yes,17,3,4,80,3,40,4,4,32,29,1,28
34,No,Travel_Rarely,194,Research & Development,19,4,Life Sciences,1,1334,3,Male,87,4,4,Manufacturing Director,3,Single,10147,22891,0,Y,Yes,19,1,3,80,2,18,0,3,14,10,5,8
40,Yes,Travel_Rarely,1159,Research & Development,6,5,Life Sciences,1,1335,2,Female,50,4,5,Manufacturing Director,3,Married,10597,5492,2,Y,No,22,4,3,80,0,0,4,2,2,2,3,1
43,No,Travel_Rarely,323,Research & Development,14,3,Medical,1,1336,2,Male,51,4,3,Manager,3,Married,10414,14504,3,Y,No,20,3,2,80,1,29,3,3,28,25,8,25
38,No,Travel_Rarely,997,Sales,25,2,Medical,1,1337,3,Female,56,2,2,Manager,3,Single,10458,6925,3,Y,No,14,3,1,80,2,27,5,4,26,23,1,22
39,Yes,Travel_Rarely,1465,Research & Development,8,3,Technical Degree,1,1338,1,Female,86,4,3,Laboratory Technician,3,Single,3403,19517,0,Y,No,15,3,4,80,1,6,5,2,4,3,3,2
24,No,Travel_Rarely,1062,Research & Development,23,1,Life Sciences,1,1339,2,Male,39,3,1,Manufacturing Director,2,Single,8446,17218,4,Y,No,22,3,3,80,1,32,1,3,30,29,0,28
31,No,Travel_Rarely,1086,Research & Development,14,1,Human Resources,1,1340,4,Male,51,3,1,Research Director,3,Divorced,13907,6865,0,Y,No,22,4,3,80,0,31,1,4,21,21,2,19
32,No,Travel_Rarely,944,Research & Development,11,5,Life Sciences,1,1341,4,Female,73,3,5,Laboratory Technician,3,Married,2229,26153,2,Y,No,22,3,4,80,0,40,2,3,34,30,3,30
24,No,Travel_Frequently,353,Sales,24,3,Marketing,1,1342,3,Male,57,1,3,Sales Representative,3,Married,2292,16184,1,Y,No,20,4,4,80,2,15,4,3,6,6,5,4
26,No,Travel_Frequently,1489,Sales,16,3,Medical,1,1343,1,Female,79,3,3,Sales Executive,4,Divorced,4204,10760,1,Y,Yes,14,3,4,80,0,7,4,3,5,5,1,4
25,Yes,Travel_Rarely,243,Research & Development,20,1,Life Sciences,1,1344,3,Male,80,2,1,Research Scientist,3,Married,5077,21384,1,Y,Yes,22,2,4,80,2,28,5,2,25,24,1,24
40,No,Travel_Rarely,412,Sales,6,3,Life Sciences,1,1345,2,Female,30,2,3,Sales Executive,3,Single,9312,11513,0,Y,No,17,4,2,80,1,0,3,3,0,0,4,0
46,No,Non-Travel,683,Research & Development,15,4,Technical Degree,1,1346,4,Female,63,3,4,Manager,4,Married,6884,9666,1,Y,Yes,18,3,4,80,3,28,2,1,18,14,2,13
35,Yes,Travel_Rarely,1437,Research & Development,15,4,Other,1,1347,4,Female,64,4,4,Research Director,2,Married,10266,25088,0,Y,Yes,18,3,4,80,3,15,0,4,6,3,3,3
48,No,Travel_Rarely,1404,Research & Development,14,4,Life Sciences,1,1348,4,Male,90,3,4,Research Scientist,4,Divorced,5889,12936,5,Y,No,25,4,2,80,2,33,2,4,35,31,7,31
47,No,Travel_Rarely,447,Research & Development,21,3,Medical,1,1349,4,Male,59,3,3,Research Scientist,1,Married,5559,14817,0,Y,No,24,3,4,80,1,25,3,3,11,8,3,7
56,Yes,Travel_Rarely,403,Research & Development,12,3,Medical,1,1350,3,Male,97,4,3,Research Scientist,4,Married,5543,9365,5,Y,No,24,1,3,80,1,29,5,4,19,17,4,17
52,No,Travel_Rarely,608,Research & Development,2,3,Life Sciences,1,1351,4,Male,69,3,3,Research Scientist,2,Married,2893,8632,5,Y,No,25,4,4,80,0,26,2,3,22,21,4,21
35,No,Travel_Rarely,348,Sales,8,3,Marketing,1,1352,4,Male,94,4,3,Manager,2,Divorced,14769,3767,2,Y,No,13,3,2,80,0,29,4,2,24,22,6,20
59,No,Travel_Rarely,589,Research & Development,19,4,Other,1,1353,3,Male,66,4,4,Laboratory Technician,3,Single,3304,4074,2,Y,No,12,3,3,80,1,28,2,1,29,27,4,27
56,No,Travel_Rarely,1364,Sales,14,3,Life Sciences,1,1354,1,Female,93,3,3,Sales Representative,4,Single,3963,28619,1,Y,Yes,16,3,2,80,2,33,2,3,28,27,0,25
34,No,Travel_Rarely,1029,Research & Development,5,4,Human Resources,1,1355,3,Male,30,4,4,Research Director,2,Married,11347,19525,9,Y,No,22,3,3,80,0,37,3,4,30,28,2,26
31,No,Travel_Rarely,1474,Sales,24,2,Life Sciences,1,1356,2,Male,44,4,2,Manager,4,Single,9064,3077,3,Y,No,11,3,2,80,1,26,2,4,17,17,13,15
48,No,Travel_Rarely,892,Sales,27,4,Marketing,1,1357,4,Female,42,3,4,Sales Executive,3,Single,7585,22983,7,Y,No,22,3,3,80,1,40,5,3,40,37,1,35
41,No,Travel_Rarely,1013,Research & Development,9,5,Medical,1,1358,4,Male,58,4,5,Research Scientist,2,Divorced,5604,24504,1,Y,No,19,3,4,80,3,28,2,3,18,14,4,14
52,No,Travel_Frequently,1477,Sales,13,4,Medical,1,1359,4,Male,84,4,4,Sales Executive,3,Divorced,5936,26727,5,Y,No,17,4,4,80,0,12,2,3,3,2,7,2
51,Yes,Travel_Rarely,255,Research & Development,9,4,Medical,1,1360,3,Female,74,4,4,Manager,3,Single,12463,6832,1,Y,No,18,3,2,80,0,5,4,3,0,0,4,0
20,No,Travel_Rarely,1311,Sales,14,5,Life Sciences,1,1361,4,Female,33,4,5,Sales Executive,2,Single,4193,10670,5,Y,No,17,3,4,80,3,40,6,3,40,36,2,36
54,No,Travel_Rarely,1045,Research & Development,5,4,Technical Degree,1,1362,2,Male,93,3,4,Research Director,4,Single,11647,29809,0,Y,No,15,3,3,80,0,10,3,4,14,10,0,8
60,No,Travel_Frequently,696,Research & Development,2,3,Technical Degree,1,1363,3,Male,44,4,3,Manufacturing Director,4,Single,7864,20069,2,Y,No,15,3,4,80,2,3,2,4,7,3,2,1
57,No,Travel_Frequently,163,Sales,7,3,Life Sciences,1,1364,4,Female,77,4,3,Sales Representative,3,Single,3822,17166,3,Y,No,17,3,3,80,1,20,2,3,14,12,1,10
43,No,Travel_Rarely,971,Research & Development,16,4,Other,1,1365,4,Male,85,4,4,Research Scientist,4,Divorced,5203,21875,3,Y,No,17,3,4,80,1,24,1,3,14,12,11,11
40,Yes,Travel_Rarely,1184,Research & Development,11,4,Life Sciences,1,1366,4,Male,99,1,4,Manufacturing Director,1,Single,7022,3371,1,Y,No,12,3,4,80,1,40,1,4,38,36,5,36
56,No,Travel_Rarely,1267,Sales,11,3,Technical Degree,1,1367,2,Male,44,3,3,Sales Executive,1,Married,5222,7459,3,Y,Yes,12,3,3,80,3,17,5,4,21,19,5,19
32,No,Travel_Rarely,567,Research & Development,23,3,Life Sciences,1,1368,4,Male,68,4,3,Manager,4,Single,8124,29177,1,Y,Yes,17,3,3,80,0,28,1,3,17,17,2,15
21,No,Travel_Frequently,1274,Research & Development,12,5,Life Sciences,1,1369,4,Male,98,4,5,Research Director,4,Divorced,8477,5423,2,Y,No,15,3,4,80,0,23,2,3,15,13,0,13
46,No,Travel_Rarely,1299,Research & Development,13,2,Life Sciences,1,1370,2,Male,89,4,2,Manager,1,Married,15193,11888,2,Y,No,12,2,4,80,1,11,3,4,1,0,1,0
39,No,Travel_Rarely,412,Research & Development,8,3,Marketing,1,1371,4,Female,73,4,3,Laboratory Technician,3,Divorced,1655,22360,1,Y,Yes,25,4,3,80,1,34,4,3,35,31,1,31
42,No,Travel_Rarely,1187,Human Resources,24,2,Marketing,1,1372,3,Female,72,3,2,Human Resources,4,Divorced,3791,3398,4,Y,No,11,3,2,80,1,23,1,3,19,19,3,17
30,No,Travel_Rarely,1292,Research & Development,16,4,Medical,1,1373,2,Male,33,4,4,Research Scientist,2,Single,5659,14172,0,Y,No,19,3,4,80,3,26,2,3,15,13,3,11
35,Yes,Travel_Rarely,917,Research & Development,21,2,Life Sciences,1,1374,4,Female,79,1,2,Manager,2,Single,16784,15614,0,Y,No,21,1,4,80,3,9,2,4,2,0,2,0
50,No,Travel_Rarely,204,Sales,1,4,Medical,1,1375,2,Female,68,3,4,Sales Executive,3,Married,4935,7361,2,Y,Yes,18,3,2,80,0,39,2,3,29,29,3,27
33,No,Travel_Rarely,129,Sales,13,2,Marketing,1,1376,2,Male,83,2,2,Sales Representative,4,Married,2057,3401,5,Y,No,12,3,4,80,0,4,2,3,1,0,13,0
59,No,Travel_Rarely,609,Research & Development,11,4,Marketing,1,1377,4,Male,52,4,4,Manager,4,Married,17065,28284,2,Y,No,12,4,2,80,0,32,3,4,34,34,1,34
19,No,Travel_Rarely,235,Research & Development,29,4,Life Sciences,1,1378,4,Female,89,4,4,Research Director,4,Single,9629,3412,4,Y,No,13,3,4,80,3,35,0,4,25,22,4,22
52,Yes,Travel_Rarely,160,Sales,4,3,Life Sciences,1,1379,2,Male,64,3,3,Sales Representative,3,Single,2194,24814,2,Y,Yes,14,2,4,80,1,9,2,4,4,4,1,3
59,Yes,Travel_Rarely,1215,Sales,4,3,Technical Degree,1,1380,4,Female,83,3,3,Sales Executive,3,Married,9193,5230,4,Y,No,19,4,3,80,1,2,1,2,1,0,3,0
51,No,Travel_Rarely,171,Research & Development,15,3,Life Sciences,1,1381,2,Male,87,4,3,Manager,1,Married,13812,9521,1,Y,Yes,22,3,3,80,2,30,5,3,19,15,1,14
47,No,Non-Travel,286,Research & Development,27,3,Life Sciences,1,1382,4,Female,91,3,3,Manager,4,Married,14651,7849,4,Y,No,16,3,3,80,1,40,3,3,33,29,3,29
30,No,Travel_Rarely,673,Research & Development,3,4,Life Sciences,1,1383,4,Male,77,3,4,Research Scientist,3,Single,3362,12694,1,Y,Yes,13,2,3,80,0,31,4,3,33,29,1,28
30,No,Travel_Rarely,269,Research & Development,24,3,Medical,1,1384,3,Male,36,3,3,Laboratory Technician,3,Married,3893,8056,2,Y,No,24,3,4,80,1,27,1,4,19,18,0,17
35,Yes,Travel_Frequently,679,Research & Development,19,4,Medical,1,1385,2,Female,74,4,4,Research Director,4,Single,13738,23106,0,Y,Yes,25,2,4,80,1,28,4,4,24,23,7,21
49,No,Travel_Frequently,1249,Sales,29,3,Marketing,1,1386,3,Male,42,4,3,Sales Executive,1,Single,8345,26493,6,Y,Yes,18,3,3,80,2,23,2,3,19,17,0,17
49,No,Travel_Frequently,1338,Research & Development,21,3,Life Sciences,1,1387,2,Male,82,3,3,Research Director,4,Married,12759,19648,3,Y,No,16,3,4,80,1,28,1,2,24,21,2,19
52,Yes,Travel_Rarely,283,Sales,2,3,Technical Degree,1,1388,3,Male,68,2,3,Sales Executive,3,Single,9946,18179,5,Y,No,18,4,3,80,0,19,4,1,13,12,3,11
56,No,Travel_Rarely,172,Research & Development,6,4,Life Sciences,1,1389,3,Male,47,2,4,Manager,2,Single,13539,4259,1,Y,No,20,1,4,80,0,34,4,3,38,38,2,36
46,Yes,Travel_Rarely,657,Sales,22,3,Other,1,1390,2,Male,51,1,3,Sales Representative,2,Single,2491,18746,0,Y,No,22,3,4,80,2,14,6,1,11,9,5,8
46,No,Travel_Rarely,953,Sales,24,4,Marketing,1,1391,4,Female,65,3,4,Sales Representative,4,Single,3789,29221,1,Y,No,12,2,4,80,3,3,4,3,4,1,4,1
33,Yes,Travel_Rarely,1320,Research & Development,8,3,Marketing,1,1392,2,Male,82,4,3,Research Director,4,Single,6682,8276,2,Y,Yes,25,4,1,80,0,3,1,3,1,1,1,1
27,No,Travel_Frequently,1417,Research & Development,17,1,Life Sciences,1,1393,3,Female,32,4,1,Manager,1,Single,11199,28108,4,Y,No,18,3,3,80,0,23,2,4,15,11,0,11
47,No,Travel_Rarely,1182,Research & Development,5,4,Life Sciences,1,1394,2,Female,91,4,4,Research Director,1,Single,11764,24804,1,Y,No,21,3,3,80,1,30,2,2,29,28,6,27
42,No,Travel_Rarely,784,Sales,2,4,Medical,1,1395,4,Female,58,4,4,Manager,4,Single,1009,23768,1,Y,No,15,2,3,80,1,38,1,3,37,37,2,35
56,No,Travel_Rarely,1425,Sales,26,2,Marketing,1,1396,3,Male,37,3,2,Sales Executive,2,Married,7530,25132,1,Y,Yes,20,3,3,80,0,26,4,4,23,20,8,20
37,No,Travel_Rarely,419,Research & Development,12,4,Life Sciences,1,1397,4,Female,75,3,4,Manufacturing Director,3,Single,8719,17962,3,Y,No,24,3,4,80,1,26,3,3,29,27,2,26
22,No,Travel_Frequently,1496,Research & Development,5,3,Human Resources,1,1398,1,Male,85,4,3,Research Scientist,3,Single,2966,11575,1,Y,Yes,25,3,3,80,3,40,5,2,36,36,5,34
18,No,Travel_Rarely,1208,Research & Development,10,4,Human Resources,1,1399,2,Female,78,2,4,Laboratory Technician,4,Married,3842,9831,7,Y,No,24,3,3,80,1,40,3,2,38,36,10,35
47,Yes,Travel_Rarely,930,Sales,28,5,Medical,1,1400,2,Female,72,4,5,Manager,3,Married,12683,19050,0,Y,Yes,22,2,2,80,1,22,3,4,10,6,4,5
20,No,Travel_Rarely,195,Research & Development,9,5,Human Resources,1,1401,2,Female,39,3,5,Research Director,3,Divorced,10101,4812,3,Y,Yes,14,3,2,80,2,19,1,4,13,10,2,10
31,Yes,Travel_Frequently,368,Research & Development,20,4,Life Sciences,1,1402,2,Male,42,4,4,Laboratory Technician,4,Married,4748,4475,2,Y,No,13,4,4,80,0,30,1,4,22,19,3,18
47,No,Non-Travel,1286,Research & Development,8,3,Life Sciences,1,1403,3,Female,86,3,3,Laboratory Technician,2,Married,4422,25357,1,Y,No,22,4,2,80,1,22,4,2,15,14,3,13
21,No,Travel_Rarely,715,Research & Development,1,4,Life Sciences,1,1404,3,Male,31,3,4,Research Scientist,2,Married,5363,5100,3,Y,No,19,3,2,80,1,28,6,4,20,17,4,15
35,Yes,Travel_Rarely,603,Sales,24,3,Marketing,1,1405,4,Female,94,4,3,Manager,1,Married,8312,16930,1,Y,Yes,20,3,3,80,1,6,2,4,3,3,0,3
54,No,Travel_Rarely,1237,Research & Development,6,2,Life Sciences,1,1406,3,Female,71,3,2,Manager,4,Married,11937,21785,3,Y,Yes,17,3,1,80,3,40,4,3,32,32,5,31
42,No,Non-Travel,679,Research & Development,24,3,Human Resources,1,1407,3,Male,87,2,3,Research Scientist,3,Single,6098,7015,3,Y,No,17,2,2,80,0,9,3,4,13,13,0,12
18,Yes,Travel_Rarely,733,Research & Development,22,5,Life Sciences,1,1408,4,Female,39,4,5,Manager,1,Single,11227,29681,0,Y,No,16,2,4,80,0,23,5,3,18,14,0,12
32,Yes,Travel_Rarely,380,Research & Development,11,5,Life Sciences,1,1409,3,Male,92,3,5,Laboratory Technician,3,Single,5131,20935,4,Y,Yes,19,3,4,80,3,15,2,4,4,1,4,0
26,No,Travel_Rarely,855,Research & Development,3,2,Other,1,1410,3,Male,90,4,2,Manager,3,Divorced,14409,14091,3,Y,No,13,4,3,80,0,31,3,4,35,32,0,31
32,Yes,Travel_Frequently,343,Human Resources,28,4,Life Sciences,1,1411,4,Male,30,2,4,Human Resources,4,Married,8320,20535,4,Y,Yes,24,2,3,80,1,40,2,3,30,30,6,29
41,No,Non-Travel,1347,Sales,15,4,Life Sciences,1,1412,4,Male,55,4,4,Sales Executive,2,Married,4758,16238,1,Y,No,11,2,4,80,1,18,3,3,17,16,8,15
21,Yes,Travel_Rarely,884,Research & Development,11,3,Marketing,1,1413,3,Female,34,3,3,Manufacturing Director,3,Married,7628,25021,0,Y,Yes,17,3,1,80,3,40,2,3,30,29,10,28
29,No,Travel_Rarely,1063,Research & Development,24,3,Life Sciences,1,1414,3,Male,64,2,3,Manufacturing Director,3,Married,7855,2387,1,Y,Yes,19,3,3,80,1,36,2,4,29,26,4,24
54,No,Travel_Rarely,1411,Sales,5,4,Life Sciences,1,1415,3,Male,42,3,4,Manager,1,Single,14182,24248,5,Y,Yes,25,3,3,80,1,19,3,3,20,17,3,16
54,No,Travel_Rarely,1086,Research & Development,28,3,Life Sciences,1,1416,4,Female,56,4,3,Research Scientist,4,Single,3502,15192,6,Y,Yes,16,3,4,80,1,40,1,4,29,27,2,26
60,No,Travel_Rarely,105,Research & Development,26,2,Medical,1,1417,4,Female,41,3,2,Manufacturing Director,2,Divorced,4141,21545,2,Y,Yes,20,2,4,80,3,40,3,1,40,37,3,36
23,No,Non-Travel,421,Sales,16,4,Human Resources,1,1418,3,Female,79,2,4,Manager,3,Married,13361,4380,1,Y,No,12,3,3,80,2,12,3,4,3,3,1,2
56,Yes,Travel_Frequently,1446,Sales,21,5,Other,1,1419,4,Female,88,4,5,Sales Representative,4,Married,2670,26952,3,Y,Yes,23,4,3,80,0,6,4,3,4,0,2,0
41,No,Non-Travel,1133,Human Resources,28,4,Life Sciences,1,1420,4,Female,60,3,4,Manager,3,Divorced,10305,6335,3,Y,Yes,18,3,4,80,2,40,2,3,40,37,5,37
28,No,Travel_Rarely,1177,Sales,7,4,Medical,1,1421,2,Male,98,4,4,Sales Executive,1,Single,5545,17065,4,Y,Yes,19,4,4,80,2,4,1,4,9,6,1,6
30,No,Travel_Rarely,1125,Sales,6,3,Medical,1,1422,4,Male,66,4,3,Manager,4,Divorced,12445,3280,0,Y,No,20,3,4,80,2,37,2,2,26,26,1,26
51,Yes,Travel_Frequently,1267,Research & Development,9,3,Human Resources,1,1423,3,Female,31,2,3,Research Scientist,2,Married,3046,2743,0,Y,No,25,4,4,80,2,24,1,3,15,13,5,11
42,No,Travel_Rarely,880,Research & Development,7,4,Life Sciences,1,1424,2,Male,94,3,4,Research Scientist,3,Married,4237,9356,1,Y,No,18,3,4,80,1,37,3,3,29,26,1,26
24,No,Travel_Rarely,928,Research & Development,3,3,Medical,1,1425,4,Female,32,3,3,Manager,4,Single,9016,15128,0,Y,No,19,4,1,80,1,20,0,3,12,11,1,9
21,No,Travel_Rarely,381,Research & Development,11,5,Technical Degree,1,1426,3,Male,49,4,5,Research Scientist,4,Single,3677,21870,4,Y,Yes,11,3,3,80,2,39,2,3,35,34,0,34
25,No,Non-Travel,1213,Research & Development,27,2,Human Resources,1,1427,3,Male,31,3,2,Research Director,3,Single,11061,10023,2,Y,Yes,13,3,1,80,0,16,1,4,20,19,5,17
37,Yes,Travel_Frequently,1285,Research & Development,12,3,Life Sciences,1,1428,4,Male,71,3,3,Manufacturing Director,2,Married,9563,15566,4,Y,No,13,3,2,80,0,39,0,4,39,35,4,35
46,Yes,Travel_Rarely,1086,Research & Development,21,3,Life Sciences,1,1429,4,Female,72,1,3,Research Scientist,4,Divorced,4086,19452,0,Y,No,24,3,3,80,0,25,5,3,14,10,5,9
27,No,Travel_Rarely,129,Research & Development,25,5,Life Sciences,1,1430,4,Male,50,2,5,Research Scientist,2,Divorced,5806,27584,2,Y,No,19,2,4,80,2,18,6,3,19,16,1,16
60,No,Travel_Frequently,911,Research & Development,11,2,Life Sciences,1,1431,3,Female,74,3,2,Laboratory Technician,1,Single,2478,25355,2,Y,No,13,4,3,80,2,18,3,3,19,16,5,16
51,No,Travel_Frequently,373,Research & Development,29,1,Marketing,1,1432,3,Male,49,3,1,Laboratory Technician,4,Married,1904,14885,1,Y,No,25,3,4,80,1,13,2,4,4,1,4,1
43,No,Travel_Rarely,1225,Research & Development,26,3,Marketing,1,1433,2,Male,72,2,3,Laboratory Technician,3,Single,2096,15304,2,Y,No,24,3,2,80,2,40,5,3,31,27,2,26
58,Yes,Travel_Rarely,1329,Sales,2,4,Marketing,1,1434,3,Female,79,3,4,Manager,1,Single,8128,14488,2,Y,Yes,20,3,4,80,2,19,5,2,5,2,2,0
20,No,Travel_Rarely,291,Research & Development,1,3,Life Sciences,1,1435,4,Female,72,2,3,Research Director,3,Married,6061,25910,5,Y,Yes,11,1,3,80,3,34,4,2,29,29,3,27
23,No,Travel_Rarely,647,Research & Development,27,3,Life Sciences,1,1436,4,Male,53,2,3,Research Director,2,Married,16063,10534,0,Y,No,13,3,4,80,0,24,3,3,25,23,3,22
22,No,Non-Travel,395,Sales,24,2,Life Sciences,1,1437,1,Female,89,3,2,Manager,1,Single,6419,13475,4,Y,Yes,12,3,3,80,1,31,1,4,36,35,4,35
22,No,Travel_Rarely,949,Research & Development,24,4,Life Sciences,1,1438,2,Male,61,2,4,Manufacturing Director,1,Single,10249,19014,8,Y,No,19,4,3,80,2,17,1,1,12,11,1,11
40,No,Travel_Rarely,1469,Research & Development,2,2,Technical Degree,1,1439,4,Male,34,4,2,Laboratory Technician,4,Divorced,3473,2297,3,Y,No,24,1,3,80,0,33,4,3,28,28,3,28
26,Yes,Travel_Rarely,872,Research & Development,14,3,Life Sciences,1,1440,4,Male,31,2,3,Research Scientist,4,Single,4803,10148,3,Y,No,11,4,3,80,0,4,4,2,4,1,3,0
52,No,Travel_Rarely,870,Research & Development,13,3,Life Sciences,1,1441,3,Female,55,4,3,Manager,3,Married,8739,10889,1,Y,Yes,21,3,2,80,1,26,2,4,24,20,3,18
37,No,Travel_Rarely,154,Sales,24,4,Medical,1,1442,3,Female,54,3,4,Sales Executive,2,Married,7683,7316,2,Y,No,12,4,3,80,2,8,2,4,12,9,3,8
59,No,Travel_Frequently,785,Research & Development,5,4,Medical,1,1443,2,Male,79,4,4,Research Scientist,4,Single,3266,19889,3,Y,No,11,2,3,80,1,32,3,3,23,20,8,19
52,No,Travel_Rarely,1172,Sales,2,3,Medical,1,1444,4,Female,68,2,3,Sales Representative,3,Single,3830,12952,2,Y,No,19,3,4,80,1,33,4,3,30,29,7,27
35,Yes,Travel_Rarely,1112,Research & Development,23,5,Other,1,1445,3,Male,40,4,5,Laboratory Technician,3,Married,4555,15217,1,Y,Yes,17,3,4,80,1,28,3,4,19,18,4,18
34,No,Travel_Rarely,804,Research & Development,23,5,Life Sciences,1,1446,4,Male,92,4,5,Research Scientist,4,Married,4317,21209,6,Y,Yes,24,3,4,80,0,9,3,2,7,3,5,3
41,No,Travel_Frequently,984,Research & Development,19,3,Technical Degree,1,1447,3,Male,97,2,3,Research Scientist,3,Married,4406,10570,2,Y,No,23,2,3,80,3,18,2,4,8,7,0,7
20,No,Travel_Frequently,566,Research & Development,17,4,Medical,1,1448,3,Male,47,3,4,Manager,3,Married,13557,29371,7,Y,No,11,3,3,80,0,28,2,3,20,17,5,17
49,No,Travel_Rarely,654,Research & Development,11,4,Life Sciences,1,1449,2,Male,57,4,4,Laboratory Technician,4,Divorced,3900,10897,2,Y,No,23,1,4,80,1,28,3,2,19,19,3,18
52,No,Travel_Rarely,1018,Research & Development,16,5,Human Resources,1,1450,4,Male,71,4,5,Manufacturing Director,3,Married,10457,20798,4,Y,No,23,3,3,80,0,28,4,4,14,10,2,9
55,No,Travel_Rarely,1109,Research & Development,20,3,Life Sciences,1,1451,4,Female,89,3,3,Manager,3,Married,15585,7656,3,Y,No,20,3,2,80,1,32,1,3,25,25,0,23
30,No,Travel_Rarely,295,Research & Development,18,3,Marketing,1,1452,4,Male,51,3,3,Manufacturing Director,3,Married,7930,27346,3,Y,No,22,3,4,80,3,13,1,4,10,7,0,6
42,No,Travel_Rarely,167,Research & Development,20,3,Life Sciences,1,1453,4,Male,69,3,3,Laboratory Technician,2,Married,2998,14193,0,Y,Yes,16,4,2,80,3,31,3,4,36,32,0,32
26,No,Travel_Frequently,656,Sales,8,5,Medical,1,1454,4,Male,91,3,5,Sales Executive,4,Married,8704,11286,0,Y,No,15,3,2,80,1,40,2,3,40,40,1,38
21,No,Travel_Rarely,702,Research & Development,2,3,Technical Degree,1,1455,2,Male,32,3,3,Research Director,4,Married,9531,7147,2,Y,Yes,20,3,4,80,0,12,3,4,10,6,0,5
31,No,Non-Travel,1151,Research & Development,17,3,Other,1,1456,4,Male,92,3,3,Research Director,2,Married,10341,13656,6,Y,Yes,24,3,4,80,0,40,3,4,26,23,5,22
54,No,Travel_Rarely,1224,Research & Development,11,3,Other,1,1457,3,Female,49,1,3,Laboratory Technician,1,Single,4056,6444,2,Y,Yes,25,3,4,80,0,40,4,3,29,25,1,24
51,No,Travel_Rarely,577,Research & Development,14,3,Marketing,1,1458,3,Male,55,1,3,Research Director,4,Married,12926,15429,1,Y,No,21,4,2,80,1,30,4,3,18,15,2,14
28,No,Travel_Rarely,674,Sales,16,4,Life Sciences,1,1459,2,Female,70,4,4,Sales Representative,3,Single,3234,9547,1,Y,Yes,15,4,4,80,1,40,2,3,33,29,7,28
58,No,Travel_Rarely,863,Research & Development,15,2,Marketing,1,1460,3,Female,32,4,2,Manufacturing Director,2,Single,6590,11423,2,Y,Yes,14,4,4,80,2,40,3,3,37,33,0,33
20,No,Travel_Rarely,988,Sales,15,3,Technical Degree,1,1461,4,Male,72,3,3,Sales Representative,2,Single,4617,19830,2,Y,No,13,4,4,80,2,29,1,4,22,21,7,21
45,Yes,Travel_Frequently,931,Research & Development,3,5,Life Sciences,1,1462,2,Female,46,4,5,Laboratory Technician,3,Married,5106,4402,7,Y,Yes,24,4,4,80,0,0,4,3,0,0,4,0
46,No,Travel_Rarely,183,Sales,26,3,Medical,1,1463,2,Male,82,3,3,Manager,2,Married,8335,7642,2,Y,No,23,3,3,80,2,0,4,3,2,0,2,0
26,No,Travel_Rarely,801,Research & Development,7,4,Other,1,1464,4,Female,81,3,4,Manufacturing Director,1,Single,5811,20210,1,Y,No,18,4,2,80,2,10,2,4,2,0,0,0
20,No,Travel_Frequently,145,Sales,29,2,Medical,1,1465,4,Male,62,4,2,Manager,4,Married,9170,9918,2,Y,No,17,3,4,80,1,26,1,1,27,27,0,27
42,No,Non-Travel,925,Research & Development,12,3,Life Sciences,1,1466,3,Male,89,4,3,Research Scientist,3,Married,5645,22231,4,Y,Yes,15,2,4,80,3,23,1,3,13,12,2,12
51,No,Travel_Rarely,711,Research & Development,22,4,Other,1,1467,2,Male,97,4,4,Manager,2,Single,18606,18134,2,Y,Yes,22,1,3,80,2,37,3,4,29,28,0,27
29,No,Travel_Frequently,1216,Research & Development,22,4,Life Sciences,1,1468,3,Male,85,1,4,Laboratory Technician,1,Married,2968,19476,1,Y,No,19,3,4,80,1,12,1,3,4,0,1,0
59,Yes,Travel_Rarely,1454,Research & Development,23,3,Life Sciences,1,1469,4,Male,93,2,3,Research Scientist,3,Divorced,4728,23061,1,Y,No,22,3,3,80,3,22,3,3,14,12,0,12
26,No,Travel_Rarely,821,Human Resources,24,5,Marketing,1,1470,4,Male,37,4,5,Manager,2,Divorced,9290,20104,3,Y,Yes,17,3,3,80,1,40,3,3,37,36,4,36
